å½±ç‰‡é€£çµ,æ–‡å­—æ•˜è¿°,æ¨™ç±¤,ä¸Šå‚³æ—¥æœŸ,ç½®é ‚,éŸ³æª”
https://www.tiktok.com/@ld.1003_/video/7575910353222126866?is_from_webapp=1&sender_device=pc&web_id=7575240035533309447,æ–°è¡£æœå˜»å˜»,#fyp,2025/11/23,,MONTAGEM PERIGOSA - KVRXD & SEKIMANE & Dj Samir
https://www.tiktok.com/@ld.1003_/video/7575559435393731848?is_from_webapp=1&sender_device=pc&web_id=7575240035533309447,å¿˜è¨˜æ—©ä¸€é»çš„æ™‚å€™ç™¼äº†,,2025/11/22,,åŸè² - XXCC
https://www.tiktok.com/@ld.1003_/video/7575465562302663944?is_from_webapp=1&sender_device=pc&web_id=7575240035533309447,ä¸€ç›´ç·¨ä½†æ²’æœ‰è·³å‡ºæˆ‘æƒ³è¦çš„æ„Ÿè¦º,,2025/11/22,,BAILANDO - Flame Runner
https://www.tiktok.com/@ld.1003_/video/7575175990754675975?is_from_webapp=1&sender_device=pc&web_id=7575240035533309447,ç¾ç¾æŸ”è‚‰,,2025/11/21,,åŸè² - äº« â£ï¸ - ğŸ¥©
https://www.tiktok.com/@ld.1003_/photo/7574791836154219794?is_from_webapp=1&sender_device=pc&web_id=7575240035533309447,æˆ‘æ²’æœ‰è·Ÿåˆ°,,2025/11/21,,ì˜¤ë¦¬ì§€ë„ ì‚¬ìš´ë“œ - í˜œë¦°
https://www.tiktok.com/@ld.1003_/video/7574682024439516424?is_from_webapp=1&sender_device=pc&web_id=7575240035533309447,,,2025/11/21,,åŸè² - xvemisÂ¹â¶
https://www.tiktok.com/@ld.1003_/video/7574435525944167698?is_from_webapp=1&sender_device=pc&web_id=7575240035533309447,nastyyyy,,2025/11/20,,åŸè² - é¹¿ğŸ¦Œ
https://www.tiktok.com/@ld.1003_/video/7574323383672835336?is_from_webapp=1&sender_device=pc&web_id=7575240035533309447,é€™ä¹Ÿæ˜¯æˆ‘è‡ªå·±ç·¨çš„ æœ€è¿‘å¾ˆå¸¸ç·¨ ä½†æˆ‘è¦ºå¾—ä¸å¤ªèƒ½èªªæ˜¯è‡ªç·¨ èªªæ˜¯é‡çµ„å‹•ä½œå¥½äº†,,2025/11/20,,CONFUSAO - EL BOSS
https://www.tiktok.com/@ld.1003_/video/7573989492369935624?is_from_webapp=1&sender_device=pc&web_id=7575240035533309447,ï¼Ÿ,,2025/11/19,,åŸè² - é›¶6âƒ£ï¸ - å°èƒ–ğŸ
https://www.tiktok.com/@ld.1003_/video/7573523875485568274?is_from_webapp=1&sender_device=pc&web_id=7575240035533309447,,,2025/11/18,,son original - êˆÒ½Ò½ Êbá´É˜MğŸ±
https://www.tiktok.com/@ld.1003_/video/7573114762230336786?is_from_webapp=1&sender_device=pc&web_id=7575240035533309447,æˆ‘ç·¨ã„‰ï¼ˆå³ä¸‹è§’æœ‰å°ç‹—,#fyp,2025/11/17,,CORPO FALA - Cotneus & Luc Wall
https://www.tiktok.com/@ld.1003_/photo/7572811970362232082?is_from_webapp=1&sender_device=pc&web_id=7575240035533309447,å·²ç¶“çœ‹äº†é€™çµ„ç…§ç‰‡å¹¾åé,,2025/11/16,,original sound - â¤ï¸â€ğŸ©¹
https://www.tiktok.com/@ld.1003_/video/7572590511869988104?is_from_webapp=1&sender_device=pc&web_id=7575240035533309447,,,2025/11/15,,suara asli - ğŸ‘ğŸğŸ‘ ğŒğ¨ğ¢ğ§ğ§. - Dreamoin
https://www.tiktok.com/@ld.1003_/video/7572559120675376392?is_from_webapp=1&sender_device=pc&web_id=7575240035533309447,è€å©†ä»£è¨€çš„ ä¸€ç›´è²·,,2025/11/15,,som original - á´¸áµ’áµ˜â±Ë¢ğŸ­
https://www.tiktok.com/@ld.1003_/video/7572445388104273170?is_from_webapp=1&sender_device=pc&web_id=7575240035533309447,çœŸæ‡·å¿µ,#fyp #newjeans #dance,2025/11/15,,som original - Ric Editzx
https://www.tiktok.com/@ld.1003_/video/7572213345655278855?is_from_webapp=1&sender_device=pc&web_id=7575240035533309447,ä»Šå¤©å…©éƒ¨:0 dc:@Nguyá»…n Huá»³nh TiÃªn,,2025/11/13,,CORPO FALA - Cotneus & Luc Wall
https://www.tiktok.com/@ld.1003_/video/7572187786351086855?is_from_webapp=1&sender_device=pc&web_id=7575240035533309447,é ­é«®æ²’åˆ†å¥½é ­ä¸Šé•·å±è‚¡,#06,2025/11/13,,original sound - éŸ³ä¹é¦†ğŸ¶
https://www.tiktok.com/@ld.1003_/video/7571804967195921682?is_from_webapp=1&sender_device=pc&web_id=7575240035533309447,é‡‡å©•ç·¨çš„ å–œæ­¡,,2025/11/12,,åŸè² - é‡‡å©•ğ‘¼ğ’ğ’‚
https://www.tiktok.com/@ld.1003_/video/7571443201110822151?is_from_webapp=1&sender_device=pc&web_id=7575240035533309447,æˆ‘å€‘å…©å€‹ç©¿çš„éƒ½æ˜¯æˆ‘åœ¨é–‹åœ˜çš„æ£‰è¤² æ˜å¤©æœ€å¾Œä¸€å¤©ã„Œã„š æƒ³è²·å¿«å»å“€å±…ä¸‹å–®8,,2025/11/11,,son original - TrendformusicğŸ¤ğŸ‡²ğŸ‡º
https://www.tiktok.com/@ld.1003_/video/7570967124097764615?is_from_webapp=1&sender_device=pc&web_id=7575240035533309447,,#fyp,2025/11/10,,original sound - frozy
https://www.tiktok.com/@ld.1003_/video/7570343695623490824?is_from_webapp=1&sender_device=pc&web_id=7544718851271919112,ä¹…æ­Œè·Ÿè€äº†çš„æˆ‘,#06,2025/11/8,,åŸè² - é¹¿ğŸ¦Œ
https://www.tiktok.com/@ld.1003_/video/7569932209163996424?is_from_webapp=1&sender_device=pc&web_id=7544718851271919112,éƒ½å‰ªä¸€æ•´å¤©äº† é€™é‚Šä¹Ÿæ˜¯è¦ç™¼ä¸€ä¸‹çš„ è£¡é¢æœƒé™„æˆ‘å¯«çš„å°å¡ç‰‡ å¸Œæœ›ä¸è¦å«Œæ£„æˆ‘å­—é†œ,,2025/11/7,,åŸè² - é¹¿ğŸ¦Œ
https://www.tiktok.com/@ld.1003_/video/7569483154034134280?is_from_webapp=1&sender_device=pc&web_id=7544718851271919112,å»ºè­°åŠ å¼·æ‰‹è‡‚,,2025/11/6,,original sound - J4zyuÃ© - ğ“™ğ“ªğ”ƒğ”‚ğ“¾ğ“®ğŸ’‹à¾€à½²à¾€à½²
https://www.tiktok.com/@ld.1003_/video/7569202422413839623?is_from_webapp=1&sender_device=pc&web_id=7544718851271919112,æˆ‘ç·¨çš„ï¼ä½†æ²’æœ‰æ™‚é–“æ‰€ä»¥ç›¸ç•¶ç°¡å–®çš„,,2025/11/5,,NO BATIDÃƒO - Slowed - ZXKAI & slxughter
https://www.tiktok.com/@ld.1003_/video/7569014056162446610?is_from_webapp=1&sender_device=pc&web_id=7544718851271919112,å—¯å—¯,,2025/11/5,,original sound - TYLA
https://www.tiktok.com/@ld.1003_/video/7568833431216426248?is_from_webapp=1&sender_device=pc&web_id=7544718851271919112,æˆ‘æ­£åœ¨é–‹åœ˜é€™ä»¶æ£‰è¤² åˆ°11/12å–œæ­¡çš„è©±å¯ä»¥å»çœ‹çœ‹æ±‚æ±‚äº†æ²’æœ‰äººè²·æˆ‘æœƒå¥½å°·å°¬,,2025/11/4,,screwbot factory 2 rhythm Heaven fever - lancelqt
https://www.tiktok.com/@ld.1003_/video/7568722056360119559?is_from_webapp=1&sender_device=pc&web_id=7544718851271919112,å¥½è½,,2025/11/4,,sonido original - ValentinoğŸ¤ğŸ»ğŸ‘‘
https://www.tiktok.com/@ld.1003_/video/7568492461912329490?is_from_webapp=1&sender_device=pc&web_id=7544718851271919112,ğŸ•º,,2025/11/3,,MUITA ONDA - Slowed - DJ Javi26 & TXKKOMXNE
https://www.tiktok.com/@ld.1003_/video/7568313700143205639?is_from_webapp=1&sender_device=pc&web_id=7544718851271919112,å–œæ­¡é€™é¦–,#fyp,2025/11/3,,NO BATIDÃƒO - ZXKAI & slxughter
https://www.tiktok.com/@ld.1003_/video/7568065683838242055?is_from_webapp=1&sender_device=pc&web_id=7544718851271919112,dc: @Zoe Dang,,2025/11/3,,bloodline - nick à­¨à­§
https://www.tiktok.com/@ld.1003_/video/7567737783612149010?is_from_webapp=1&sender_device=pc&web_id=7544718851271919112,è¦ªæ„›çš„,,2025/11/1,,nháº¡c ná»n - DÆ°a háº¥u khÃ´ng Ä‘Æ°á»ng
https://www.tiktok.com/@ld.1003_/video/7567343366841601287?is_from_webapp=1&sender_device=pc&web_id=7555889317076321800,æœ€å¾Œäº†,,2025/10/31,,som original - ğ•ğ¢ğ›ğğ— ğŒğ®ğ¬ğ¢ğœ ğŸ§
https://www.tiktok.com/@ld.1003_/video/7567206213893557511?is_from_webapp=1&sender_device=pc&web_id=7555889317076321800,èª°æ”¾æ‰‹æ©Ÿåœ¨æˆ‘æŠ½å±œ,,2025/10/31,,nháº¡c ná»n - SHAKENARRYæˆ‘è¿˜æœ‰çŒ«è¦å…»
https://www.tiktok.com/@ld.1003_/photo/7567020679309085970?is_from_webapp=1&sender_device=pc&web_id=7555889317076321800,æ—¥å¸¸ç…§ä½”äº†å¾ˆå¤šå“ºåš•åœ¨è£¡é¢,,2025/10/31,,Wings - Rj Pasin
https://www.tiktok.com/@ld.1003_/video/7566952904683244807?is_from_webapp=1&sender_device=pc&web_id=7555889317076321800,ä»Šå¹´çš„æ™‚é–“å¾ˆä¸å¤ T^Tç‚ºäº†æƒ³è¦æ‹çš„å¦ä¸€éƒ¨ç•«çš„ å¾ˆç²—ç³™ éš¨ä¾¿çœ‹çœ‹,ï¼,2025/10/31,,Debbie - Yung Gravy ğŸ¯
https://www.tiktok.com/@ld.1003_/video/7566892291500051719?is_from_webapp=1&sender_device=pc&web_id=7555889317076321800,æ‰‹å¾ˆå¤§ æä½ è„–å­å‰›å¥½,,2025/10/31,,original sound - aeri || chaelsrfm disliker - yun4eri
https://www.tiktok.com/@ld.1003_/video/7566666094908427528?is_from_webapp=1&sender_device=pc&web_id=7555889317076321800,ä»Šå¹´åˆæ²’åƒåŠ åˆ°æµ·å®‰è¬è–ç¯€:( è€Œä¸”æˆ‘é‚„æ˜¯ä¸æœƒåšææ€–è¡¨æƒ…è·Ÿå‹•ä½œ,,2025/10/30,,Lust OUT NOW - Marinoalt
https://www.tiktok.com/@ld.1003_/video/7566562450233937170?is_from_webapp=1&sender_device=pc&web_id=7555889317076321800,ç•«è³ªæœ‰æ™‚å€™æœƒä¸å¥½ğŸ˜­,,2025/10/30,,gigolo - bbno$
https://www.tiktok.com/@ld.1003_/video/7566207005258485000?is_from_webapp=1&sender_device=pc&web_id=7555889317076321800,é€™ç¨®å›æ†¶ä¸å€¼å¾—æˆ‘æèµ·,,2025/10/29,,åŸè² - é¹¿ğŸ¦Œ
https://www.tiktok.com/@ld.1003_/video/7566139627040427271?is_from_webapp=1&sender_device=pc&web_id=7555889317076321800,â™¡6.å·¦å³å¯èƒ½æœƒå†ç™¼ä¸€éƒ¨,,2025/10/29,,loveli lori unreleased - â™¡
https://www.tiktok.com/@ld.1003_/video/7565861613413223698?is_from_webapp=1&sender_device=pc&web_id=7555889317076321800,,,2025/10/28,,Originalton - MR. Baby
https://www.tiktok.com/@ld.1003_/video/7565723937003425032?is_from_webapp=1&sender_device=pc&web_id=7555889317076321800,( Ì€âŒ„ Ì),,2025/10/27,,bing bong - bbno$ & vnlla
https://www.tiktok.com/@ld.1003_/video/7565437438676520199?is_from_webapp=1&sender_device=pc&web_id=7555889317076321800,ç¡åˆ°ç¾åœ¨,,2025/10/27,,original sound - Kinetix
https://www.tiktok.com/@ld.1003_/video/7564931059259903239?is_from_webapp=1&sender_device=pc&web_id=7555889317076321800,æ˜¨å¤©ç¬¬äºŒæ¬¡é‡åˆ°ç²‰çµ²åˆç…§ æˆ‘é‚„å•èƒ½ä¸èƒ½ç”¨ç‰¹æ•ˆçµæœé‚„è®“æˆ‘é¸äººè¶…ç´šå¥½å“ˆå“ˆå“ˆå“ˆ,,2025/10/25,,original sound - Ray Lee
https://www.tiktok.com/@ld.1003_/video/7564353798773165320?is_from_webapp=1&sender_device=pc&web_id=7555889317076321800,æˆ‘æ²’å°è±¡æˆ‘æ‹éé€™éƒ¨,,2025/10/23,,MONTAGEM XONADA - MXZI & Dj Samir & DJ Javi26
https://www.tiktok.com/@ld.1003_/video/7563965860105161991?is_from_webapp=1&sender_device=pc&web_id=7555889317076321800,æˆ‘åˆä¸æ˜¯å£äºº ä½ å¹¹å˜›é›¢æˆ‘é‚£éº¼é ,,2025/10/22,,nháº¡c ná»n - DÆ°a háº¥u khÃ´ng Ä‘Æ°á»ng
https://www.tiktok.com/@ld.1003_/video/7563817193591311634?is_from_webapp=1&sender_device=pc&web_id=7555889317076321800,æ—©ä¸Šå¥½,,2025/10/22,,son original - Inoxleshinobi
https://www.tiktok.com/@ld.1003_/video/7563674519156608264?is_from_webapp=1&sender_device=pc&web_id=7555889317076321800,å®¹é‡ä½”å¤ªå¤§äº†å…ˆæ¸…æ‰äº†,,2025/10/21,,original sound - retq
https://www.tiktok.com/@ld.1003_/video/7563628357229759752?is_from_webapp=1&sender_device=pc&web_id=7555889317076321800,å—¯,,2025/10/21,,original sound - Tops Cordell
https://www.tiktok.com/@ld.1003_/video/7563295266573520136?is_from_webapp=1&sender_device=pc&web_id=7555889317076321800,,,2025/10/20,,Rover - â„¢ï¸
https://www.tiktok.com/@ld.1003_/video/7563146765826936082?is_from_webapp=1&sender_device=pc&web_id=7555889317076321800,æ²’ç”¨åˆ°çš„ç´ æ æ‰‹æ©Ÿé‚„éç†±,,2025/10/20,,åŸåˆ›éŸ³ä¹ - å¯å£é›ªç¢§
https://www.tiktok.com/@ld.1003_/video/7563128259425111303?is_from_webapp=1&sender_device=pc&web_id=7555889317076321800,æœ‰è‚©å¸¶å¤ªå¥½äº† éå¸¸éœ€è¦,,2025/10/20,,som original - tekobolado
https://www.tiktok.com/@ld.1003_/video/7562794212178070802?is_from_webapp=1&sender_device=pc&web_id=7555889317076321800,æˆ‘åª½å«æˆ‘ä¸è¦å†æ‹åˆ€é¦¬äº† å¥¹çœ‹åˆ°éƒ½æœƒè·³äº†,,2025/10/19,,åŸè² - å³æœˆ. åšé›…ğŸ§¸ - é›¾æœˆ. åšé›…ğŸ§¸ğŸ…¥
https://www.tiktok.com/@ld.1003_/video/7562690300536294663?is_from_webapp=1&sender_device=pc&web_id=7555889317076321800,,,2025/10/19,,åŸè² - èŠ‹é ­.
https://www.tiktok.com/@ld.1003_/video/7562325793704086802?is_from_webapp=1&sender_device=pc&web_id=7555889317076321800,åˆæ‹åˆ°æ—©ä¸Šäº† ç´¯ã€‚,,2025/10/18,,Collide (more sped up) - Justine Skye
https://www.tiktok.com/@ld.1003_/video/7562081052517289234?is_from_webapp=1&sender_device=pc&web_id=7555889317076321800,äººéƒ½æœƒè®Š,,2025/10/17,,suara asli - Anhayaå¤šé›·å°”ğŸ¯ - ğ“ğ“·ğ“±ğ“ªğ”‚ğ“ª ğ•‚ğ••ğ•ªğ•Ÿğ• ğ•«ğŸ´â€â˜ ï¸
https://www.tiktok.com/@ld.1003_/video/7561645970652433675?is_from_webapp=1&sender_device=pc&web_id=7555889317076321800,åª½åª½æ­çš„ä¸€å¥—,,2025/10/16,,åŸè² - xvemisÂ¹â¶
https://www.tiktok.com/@ld.1003_/video/7561404691037359416?is_from_webapp=1&sender_device=pc&web_id=7555889317076321800,æœ€è¿‘é•·ç™¼ç‰‡ä¸æ˜¯å› ç‚ºæœ‰ç©ºäº† æ˜¯å› ç‚ºè‰ç¨¿1200éƒ¨äº† æˆ‘å†ä¸ä¸€å¤©å¤šç™¼ä¸€é»å®¹é‡è¦ç‚¸äº† å…‰è‰ç¨¿å°±16.8GB,,2025/10/15,,ì˜¤ë¦¬ì§€ë„ ì‚¬ìš´ë“œ - í•œì†Œë¯¸
https://www.tiktok.com/@ld.1003_/video/7561347717889297676?is_from_webapp=1&sender_device=pc&web_id=7555889317076321800,,,2025/10/15,,original sound - retq
https://www.tiktok.com/@ld.1003_/video/7561000137150008588?is_from_webapp=1&sender_device=pc&web_id=7555889317076321800,å®ƒè‡ªå·±é…çš„éŸ³æ¨‚,,2025/10/15,,original sound - á´ÉªÊŸá´€Ê
https://www.tiktok.com/@ld.1003_/video/7560955144616119563?is_from_webapp=1&sender_device=pc&web_id=7555889317076321800,dc: @Nguyá»…n Huá»³nh TiÃªn,,2025/10/14,,MENTE MÃ X SATAN REMIX - Satan Remix
https://www.tiktok.com/@ld.1003_/video/7560649418098199864?is_from_webapp=1&sender_device=pc&web_id=7555889317076321800,,#é³¥ #é³¥é¡ #birds #cute,2025/10/13,,original sound - Haruun
https://www.tiktok.com/@ld.1003_/video/7560582682258951436?is_from_webapp=1&sender_device=pc&web_id=7555889317076321800,,,2025/10/13,,åŸè² - cyy
https://www.tiktok.com/@ld.1003_/video/7560302391367568652?is_from_webapp=1&sender_device=pc&web_id=7555889317076321800,,,2025/10/12,,åŸè² - â˜ï¸ğŸª£
https://www.tiktok.com/@ld.1003_/video/7560094957558664459?is_from_webapp=1&sender_device=pc&web_id=7555889317076321800,?,,2025/10/12,,Soda Pop - Saja Boys & Andrew Choi & Neckwav & Danny Chung & Kevin Woo & samUIL Lee & KPop Demon Hunters Cast
https://www.tiktok.com/@ld.1003_/video/7559917452012850443?is_from_webapp=1&sender_device=pc&web_id=7555889317076321800,ğŸ±ğŸ‘¯â€â™€ï¸,,2025/10/11,,åŸè² - é¹¿ğŸ¦Œ
https://www.tiktok.com/@ld.1003_/video/7559851042389888268?is_from_webapp=1&sender_device=pc&web_id=7555889317076321800,,,2025/10/11,,AMIN BALA - MXZI & KITAGAWA
https://www.tiktok.com/@ld.1003_/video/7559475002295274764?is_from_webapp=1&sender_device=pc&web_id=7555889317076321800,,,2025/10/11,,æ›¾ä¸Šå¤´æ‘‡ - éŸ³ä¹é¦†ğŸ¶
https://www.tiktok.com/@ld.1003_/video/7559215645959687436?is_from_webapp=1&sender_device=pc&web_id=7555889317076321800,,,2025/10/8,,suara asli - astroooğŸŒŠ - astroooğŸª
https://www.tiktok.com/@ld.1003_/video/7558408382131047736?is_from_webapp=1&sender_device=pc&web_id=7555889317076321800,è·³éŒ¯ä½†ç®—äº†,,2025/10/7,,à¹€à¸ªà¸µà¸¢à¸‡à¸•à¹‰à¸™à¸‰à¸šà¸±à¸š - PAIPAI[à¸ªà¸²à¸§à¸à¸ˆà¸µà¸™à¸ˆà¸µà¸™ (â‰§â–½â‰¦) ]
https://www.tiktok.com/@ld.1003_/video/7558331070203186444?is_from_webapp=1&sender_device=pc&web_id=7555889317076321800,,,2025/10/7,,Originalton - syn_ğŸ‡¨ğŸ‡®
https://www.tiktok.com/@ld.1003_/video/7558325374178938124?is_from_webapp=1&sender_device=pc&web_id=7555889317076321800,è¶…ç†±,,2025/10/7,,nháº¡c ná»n - mÃ¹a háº¡ nÄƒm áº¥y
https://www.tiktok.com/@ld.1003_/photo/7558045330537762060?is_from_webapp=1&sender_device=pc&web_id=7555889317076321800,"ğŸ˜›
æœ‰äººèªªæˆ‘å¤ªè£äº† æˆ‘å“­äº† é€™å€‹ä¸–ç•Œçµ‚æ–¼æœ‰äººæ‡‚æˆ‘äº†",,2025/10/7,,som original - ğŸ–¤ğ˜”ğ˜¢ğ˜¨ğ˜¯ğ˜¢ğ˜µğ˜° ğ˜šğ˜°ğ˜¯ğ˜¨ğ˜´ğŸ–¤
https://www.tiktok.com/@ld.1003_/video/7557987577945509132?is_from_webapp=1&sender_device=pc&web_id=7555889317076321800,è¡£æœé¡¯å¾—æˆ‘è…°å¾ˆç´° å¤§å–œæ­¡,,2025/10/6,,Ğ¾Ñ€Ğ¸Ğ³Ğ¸Ğ½Ğ°Ğ»ÑŒĞ½Ñ‹Ğ¹ Ğ·Ğ²ÑƒĞº - ğŸ˜ğŸŸğŸŸ
https://www.tiktok.com/@ld.1003_/video/7557737881066933516?is_from_webapp=1&sender_device=pc&web_id=7555889317076321800,ğŸ‘„,,2025/10/6,,Scott and Zelda - BIBI
https://www.tiktok.com/@ld.1003_/video/7557356986426346764?is_from_webapp=1&sender_device=pc&web_id=7555889317076321800,,,2025/10/5,,original sound - Yue - moon
https://www.tiktok.com/@ld.1003_/video/7557320146902109452?is_from_webapp=1&sender_device=pc&web_id=7555889317076321800,å¡äº†,,2025/10/5,,original sound - Strawberry ğŸ“
https://www.tiktok.com/@ld.1003_/video/7557263162203032844?is_from_webapp=1&sender_device=pc&web_id=7555889317076321800,ä½ æ‹¼äº†å‘½è©†æ¯€æˆ‘çš„æ¨£å­çœŸå¯æ„›,,2025/10/5,,som original - Rick
https://www.tiktok.com/@ld.1003_/video/7556995138778615051?is_from_webapp=1&sender_device=pc&web_id=7555889317076321800,19äº†,,2025/10/3,,happy birthday
https://www.tiktok.com/@ld.1003_/video/7556916136521026827?is_from_webapp=1&sender_device=pc&web_id=7555889317076321800,10/3è€¶ dc: @Nguyá»…n Huá»³nh TiÃªn,,2025/10/3,,suara asli - ğŸ‘ğŸğŸ‘ ğŒğ¨ğ¢ğ§ğ§.
https://www.tiktok.com/@ld.1003_/video/7556580567563652408?is_from_webapp=1&sender_device=pc&web_id=7555889317076321800,ğŸ±ğŸ¤šğŸ»ï½,,2025/10/3,,original sound - Jeremiah Custodio
https://www.tiktok.com/@ld.1003_/video/7556540616906231052?is_from_webapp=1&sender_device=pc&web_id=7555889317076321800,ç„¶å¾Œå‘¢,,2025/10/3,,Ğ¾Ñ€Ğ¸Ğ³Ğ¸Ğ½Ğ°Ğ»ÑŒĞ½Ñ‹Ğ¹ Ğ·Ğ²ÑƒĞº - ğ¦ğšğ­ğ«ğšğ§ğ 
https://www.tiktok.com/@ld.1003_/video/7556467474712005900?is_from_webapp=1&sender_device=pc&web_id=7555889317076321800,æ¯æ¬¡æ‰‹æ©Ÿéƒ½éç†± è¦ä¾†æ¸…è‰ç¨¿äº† dc: @jink,,2025/10/3,,Fluxo SocadaÌƒo - SEKIRX
https://www.tiktok.com/@ld.1003_/video/7556269903800651019?is_from_webapp=1&sender_device=pc&web_id=7555889317076321800,å¿˜è¨˜ç™¼æ–‡äº† é€™å€‹æ™‚é–“ä¸€å®šè¶…é™ ä½†é‚„æ˜¯å¾—æ›´,,2025/10/2,,åŸè² - é¹¿ğŸ¦Œ
https://www.tiktok.com/@ld.1003_/video/7555856388602285368?is_from_webapp=1&sender_device=pc&web_id=7555889317076321800,8 8 8 8 æ‰“å˜æ‰“,,2025/10/1,,Tacata - Tiagz
https://www.tiktok.com/@ld.1003_/video/7555742442536848652?is_from_webapp=1&sender_device=pc&web_id=7555889317076321800,â™¡,,2025/10/1,,sonido original - Nuzug
https://www.tiktok.com/@ld.1003_/video/7555119472055504140?is_from_webapp=1&sender_device=pc&web_id=7555889317076321800,å‰›å‰›ç¬¬ä¸€æ¬¡è·Ÿç²‰çµ²åˆç…§ æˆ‘å¾ˆæ€•å¥¹æœƒèªªæˆ‘å¾ˆé†œ æˆ‘è¦å“­äº†,,2025/9/30,,åŸè² - é¹¿ğŸ¦Œ
https://www.tiktok.com/@ld.1003_/video/7554701311367728395?is_from_webapp=1&sender_device=pc&web_id=7555889317076321800,yoiyoi,,2025/9/27,,åŸè² - â‚ŠÂ·.éµé‡‘å‰›â‚Šâº. - â‚ŠÂ·.PEIYINâ‚Šâº.
https://www.tiktok.com/@ld.1003_/video/7554343284567444747?is_from_webapp=1&sender_device=pc&web_id=7555889317076321800,è‰ç¨¿æœ‰å¿«1000éƒ¨ä½”14.8GBçš„å¥½è™•å°±æ˜¯å¯ä»¥ç™¼å¿˜è¨˜è‡ªå·±æ‹éçš„å½±ç‰‡=æ–°å½±ç‰‡,,2025/9/26,,FESTA DA SEMANA - 2KE
https://www.tiktok.com/@ld.1003_/video/7554274677393247499?is_from_webapp=1&sender_device=pc&web_id=7555889317076321800,ç‚ºäº†æ‹é€™éƒ¨æˆ‘æ‰‹æ©Ÿæ•´å€‹æ‰åˆ°åœ°æ¿ä¸Š é‚„æ²’æœ‰è£æ®¼ğŸ¥¹ dc: @jink,,2025/9/26,,Bayan - Jmilton & DJ VIBER & Mc Jhey
https://www.tiktok.com/@ld.1003_/video/7553598462235905292?is_from_webapp=1&sender_device=pc&web_id=7555889317076321800,ä¸æ‡‰è©²é–‹å»£è§’ä½†æˆ‘åˆä¸å¤ªæœƒæ‹,,2025/9/24,,åŸè² - Ru.å„’å¦¹
https://www.tiktok.com/@ld.1003_/video/7553322187055222028?is_from_webapp=1&sender_device=pc&web_id=7555889317076321800,å£ç´…æ²’å¡—æ»¿,,2025/9/24,,nháº¡c ná»n - DÆ°a háº¥u khÃ´ng Ä‘Æ°á»ng
https://www.tiktok.com/@ld.1003_/video/7552456595112873228?is_from_webapp=1&sender_device=pc&web_id=7555889317076321800,é€™å¥½é›£è·³,,2025/9/21,,à¹€à¸ªà¸µà¸¢à¸‡à¸•à¹‰à¸™à¸‰à¸šà¸±à¸š - FERNWANG
https://www.tiktok.com/@ld.1003_/video/7552442172352630027?is_from_webapp=1&sender_device=pc&web_id=7555889317076321800,æ•´é½Šå§,,2025/9/21,,nháº¡c ná»n - Van_is_me ğŸ®ğŸ®
https://www.tiktok.com/@ld.1003_/video/7551739992658464012?is_from_webapp=1&sender_device=pc&web_id=7555889317076321800,TikTokä¸çŸ¥é“ç‚ºä»€éº¼æŠŠæˆ‘çš„è¨‚é–±è€…å…¨éƒ¨è¸¢æ‰äº† ç¾åœ¨å‰©åå€‹^^,,2025/9/19,,nháº¡c ná»n - Van_is_me ğŸ®ğŸ®
https://www.tiktok.com/@ld.1003_/video/7551719235462909240?is_from_webapp=1&sender_device=pc&web_id=7555889317076321800,,,2025/9/19,,original sound - retq
https://www.tiktok.com/@ld.1003_/video/7551455684232072460?is_from_webapp=1&sender_device=pc&web_id=7555889317076321800,ä¹‹å‰è¦ºå¾—é€™éƒ¨ä¸å¥½çœ‹æ‰€ä»¥æ²’ç™¼,,2025/9/18,,drunk skeletons - ğ™€ğ™ˆğ™‹ğ™ğ™”ğ™‚ğ™‡ğ™Šğ˜¾ğ™†.
https://www.tiktok.com/@ld.1003_/video/7551331037922577720?is_from_webapp=1&sender_device=pc&web_id=7555889317076321800,,,2025/9/18,,åŸè² - âœ°
https://www.tiktok.com/@ld.1003_/video/7550970577914318136?is_from_webapp=1&sender_device=pc&web_id=7555889317076321800,æœ‰é»è·³éŒ¯ ä½†æˆ‘è¶…å–œæ­¡ å¥¹å€‘çœŸçš„æ´»è©²å¤§ç´…ğŸ˜­ğŸ¤ @KATSEYE Dc: @Robbie Blue,,2025/9/17,,original sound - Gap
https://www.tiktok.com/@ld.1003_/video/7550611389337947448?is_from_webapp=1&sender_device=pc&web_id=7555889317076321800,,,2025/9/16,,original sound - S_k. sharmağŸŒ¸
https://www.tiktok.com/@ld.1003_/video/7550270427113737477?is_from_webapp=1&sender_device=pc&web_id=7555889317076321800,,,2025/9/15,,åŸè² - é¹¿ğŸ¦Œ
https://www.tiktok.com/@ld.1003_/video/7549930354770005254?is_from_webapp=1&sender_device=pc&web_id=7555889317076321800,,,2025/9/14,,som original - ARTE.URBANA ğŸ’š
https://www.tiktok.com/@ld.1003_/video/7549559712698649912?is_from_webapp=1&sender_device=pc&web_id=7555889317076321800,æ°æ°,,2025/9/13,,sonido original - ğ’ ğ‘´ğ‘¼ğ‘ºğ‘°ğ‘ª ğ‘ª ğŸ¶ğŸ˜ˆ
https://www.tiktok.com/@ld.1003_/video/7549508828522417413?is_from_webapp=1&sender_device=pc&web_id=7555889317076321800,ä¸€ç›´æ‰¾ä¸åˆ°é©åˆé€™è£™å­çš„éŸ³æ¨‚ æœ¬ä¾†æƒ³è·³æ‰‹å‹¢èˆæƒ³èªªç®—äº†,,2025/9/13,,original sound - Travist Silva
https://www.tiktok.com/@ld.1003_/video/7549131026652564792?is_from_webapp=1&sender_device=pc&web_id=7555889317076321800,ä¸€ç›´æ²’æ‹çš„è¡£æœ Dc: @mama_nyaf,,2025/9/12,,QUERO BAILAO - ALZEEZ & K!LLV & Repsaj
https://www.tiktok.com/@ld.1003_/video/7548743623077137669?is_from_webapp=1&sender_device=pc&web_id=7555889317076321800,ğŸŒ»,,2025/9/11,,son original - aaliyah
https://www.tiktok.com/@ld.1003_/video/7548727007580900613?is_from_webapp=1&sender_device=pc&web_id=7555889317076321800,,,2025/9/11,,Ğ¾Ñ€Ğ¸Ğ³Ğ¸Ğ½Ğ°Ğ»ÑŒĞ½Ñ‹Ğ¹ Ğ·Ğ²ÑƒĞº - Spotify music ğŸ§Š
https://www.tiktok.com/@ld.1003_/video/7548326876750613766?is_from_webapp=1&sender_device=pc&web_id=7555889317076321800,,#06 #fyp,2025/9/10,,nháº¡c ná»n - æ£®æ—-nháº¥t lÃ½
https://www.tiktok.com/@ld.1003_/video/7547948337681501446?is_from_webapp=1&sender_device=pc&web_id=7555889317076321800,å…ˆæ”¾é€™å€‹,,2025/9/9,,åŸè² - Z
https://www.tiktok.com/@ld.1003_/video/7547948337681501446?is_from_webapp=1&sender_device=pc&web_id=7555889317076321800,æœŸé™å¤ªçŸ­æ‰€ä»¥åªèƒ½åœ¨å®¿èˆæ‹ dc: @Yulia,,2025/9/9,,WAIT FOR ME - MXZI & DJ YUKU
https://www.tiktok.com/@ld.1003_/video/7547671808401624376?is_from_webapp=1&sender_device=pc&web_id=7555889317076321800,é–‹å­¸ç¬¬ä¸€å¤©å°±èµ°éŒ¯æ•™å®¤ã€‚ã€‚å°¬çš„è¦å‘½,,2025/9/8,,nháº¡c ná»n - ç‰ç»´ğŸ’¦
https://www.tiktok.com/@ld.1003_/video/7547270496547540280?is_from_webapp=1&sender_device=pc&web_id=7555889317076321800,æˆ‘å–œæ­¡é€™é¦–,,2025/9/7,,suara asli - ğŸ‘ğŸğŸ‘ ğŒğğˆğğ - ğŸ‘ğŸğŸ‘ ğŒğ¨ğ¢ğ§ğ§ã€‚
https://www.tiktok.com/@ld.1003_/video/7546879204881714438?is_from_webapp=1&sender_device=pc&web_id=7555889317076321800,éƒ½é¦¬,,2025/9/6,,MENTE MÃ - Nakama & Mc Staff
https://www.tiktok.com/@ld.1003_/video/7546508538735070469?is_from_webapp=1&sender_device=pc&web_id=7555889317076321800,æ²’æ‹‰,,2025/9/5,,åŸè² - é¹¿ğŸ¦Œ
https://www.tiktok.com/@ld.1003_/video/7546149484078632197?is_from_webapp=1&sender_device=pc&web_id=7555889317076321800,å¥½ç,,2025/9/4,,åŸè² - èŠ‹é ­.
https://www.tiktok.com/@ld.1003_/video/7545954431980932357?is_from_webapp=1&sender_device=pc&web_id=7555889317076321800,èª°ç¡ä¸è‘—,,2025/9/4,,original sound - éŸ³ä¹é¦†ğŸ¶
https://www.tiktok.com/@ld.1003_/video/7545828868377120006?is_from_webapp=1&sender_device=pc&web_id=7555889317076321800,åŒ…åˆ‡é‡ç™¼äº†ä¸€ä¸‹ğŸ˜­@Dc:@Nguyá»…n Huá»³nh TiÃªn,#fyp,2025/9/3,,Sem Rumo - SXID & BRNX
https://www.tiktok.com/@ld.1003_/video/7545752242868063493?is_from_webapp=1&sender_device=pc&web_id=7555889317076321800,è·³éŒ¯äº†ã€‚,,2025/9/3,,nháº¡c ná»n - ç‰ç»´ğŸ’¦
https://www.tiktok.com/@ld.1003_/video/7545746762187787576?is_from_webapp=1&sender_device=pc&web_id=7555889317076321800,æˆ‘è‡ªå·±ç·¨çš„ æœ¬ä¾†æ²’æƒ³ç™¼,,2025/9/3,,Ø§Ù„ØµÙˆØª Ø§Ù„Ø£ØµÙ„ÙŠ - ğ‘ğ‘² ğ‘´ğ‘¼ğ‘ºğ‘°ğ‘ª
https://www.tiktok.com/@ld.1003_/video/7545435584014126392?is_from_webapp=1&sender_device=pc&web_id=7555889317076321800,æˆ‘çš„è‡‰ ._.,#fyp,2025/9/2,,nháº¡c ná»n - Nguyá»…n Huá»³nh TiÃªn
https://www.tiktok.com/@ld.1003_/video/7545108201981709573?is_from_webapp=1&sender_device=pc&web_id=7555889317076321800,å¤ªå¤§åŠ›äº†å“ˆå“ˆå“ˆå“ˆ,,2025/9/1,,original sound - Ke08
https://www.tiktok.com/@ld.1003_/video/7545083649322945798?is_from_webapp=1&sender_device=pc&web_id=7555889317076321800,ğŸ¤–,,2025/9/1,,åŸè² - 77 - ì½”ë‹ˆ
https://www.tiktok.com/@ld.1003_/video/7544719777638419718?is_from_webapp=1&sender_device=pc&web_id=7542449483972806162,æ²’æœ‰ç¬¬äºŒå€‹äººå¯ä»¥å¾é‘½å‡ºä¾† åªèƒ½ç”±æˆ‘ä¾†äº†,,2025/8/31,,åŸè² - è¹çç 
https://www.tiktok.com/@ld.1003_/video/7544330004730072326?is_from_webapp=1&sender_device=pc&web_id=7542449483972806162,ç²‰çµ²æƒ³çœ‹çš„,,2025/8/29,,original sound - éŸ³ä¹é¦†ğŸ¶
https://www.tiktok.com/@ld.1003_/video/7544257129457241349?is_from_webapp=1&sender_device=pc&web_id=7542449483972806162,,,2025/8/29,,ACELERADA - sma$her & MXZI
https://www.tiktok.com/@ld.1003_/video/7543920556660346117?is_from_webapp=1&sender_device=pc&web_id=7542449483972806162,,,2025/8/28,,Gangnam Style Psy - ğ‘¾ğ‘¬ğ‘ºğ‘³ğ‘³ğ‘¬ğ’€ğ‘®ğ‘°ğ‘»ğ‘¶ äº—
https://www.tiktok.com/@ld.1003_/video/7543541520394112262?is_from_webapp=1&sender_device=pc&web_id=7542449483972806162,,,2025/8/27,,Confess Your Love - Jiandro
https://www.tiktok.com/@ld.1003_/video/7543531290465766662?is_from_webapp=1&sender_device=pc&web_id=7542449483972806162,,,2025/8/27,,original sound - jd â˜»
https://www.tiktok.com/@ld.1003_/video/7543257279819222328?is_from_webapp=1&sender_device=pc&web_id=7542449483972806162,æ‰‹ä¸Šé‚£æ˜¯ç•«çš„ çœ‹åˆ°æœ‰æ‰‹ä¸Šé‚£å€‹ å°±æ˜¯åŒä¸€å¤©æ‹çš„,,2025/8/28,,åŸè² - å„ªå½ŒğŸ’«
https://www.tiktok.com/@ld.1003_/video/7542022340729752837?is_from_webapp=1&sender_device=pc&web_id=7542449483972806162,å¾ˆå–œæ­¡ç·¨é€™é¦–çš„é‚£å€‹äºº!å¥¹è¶…é ‚,,2025/8/25,TRUE,sonido original - ğŸ~Max~ğŸ
https://www.tiktok.com/@ld.1003_/video/7541698560903974200?is_from_webapp=1&sender_device=pc&web_id=7542449483972806162,,,2025/8/23,,original sound - dialmye
https://www.tiktok.com/@ld.1003_/video/7541687568350465286?is_from_webapp=1&sender_device=pc&web_id=7542449483972806162,,"#dothedance,#illit,#fyp,#dance",2025/8/23,,original sound - é™
https://www.tiktok.com/@ld.1003_/video/7540967808247713030?is_from_webapp=1&sender_device=pc&web_id=7542449483972806162,æˆ‘æœƒè¢«æˆ‘æœ‹å‹ç¬‘,,2025/8/21,,original sound - éŸ³ä¹é¦†ğŸ¶
https://www.tiktok.com/@ld.1003_/photo/7540652977829252358?is_from_webapp=1&sender_device=pc&web_id=7542449483972806162,,,2025/8/20,,nháº¡c ná»n - ğ˜¿ğ™ªğ™˜ğ˜¿ğ™ªğ™® ğŸ§ğŸ¶ - Gia ÄÃ¬nh Huáº¥n Hoa Há»“ng
https://www.tiktok.com/@ld.1003_/video/7539914350727892229?is_from_webapp=1&sender_device=pc&web_id=7542449483972806162,,,2025/8/18,,Ğ¾Ñ€Ğ¸Ğ³Ğ¸Ğ½Ğ°Ğ»ÑŒĞ½Ñ‹Ğ¹ Ğ·Ğ²ÑƒĞº - PSIX
https://www.tiktok.com/@ld.1003_/video/7539443522768850181?is_from_webapp=1&sender_device=pc&web_id=7542449483972806162,,,2025/8/17,,RITMO DE SALTO - NXGHT! & BEATHXVEN & VAITO
https://www.tiktok.com/@ld.1003_/video/7539050035019795718?is_from_webapp=1&sender_device=pc&web_id=7542449483972806162,ä½ å¦‚ä½•å½¢å®¹æˆ‘,,2025/8/16,,MONTAGEM XONADA - MXZI & Dj Samir & DJ Javi26
https://www.tiktok.com/@ld.1003_/video/7537993618372742405?is_from_webapp=1&sender_device=pc&web_id=7542449483972806162,ğŸ±,,2025/8/13,,H.S.K.T. (Feat. Wonstein) - LeeHi
https://www.tiktok.com/@ld.1003_/video/7537585158711414024?is_from_webapp=1&sender_device=pc&web_id=7542449483972806162,,,2025/8/11,,original sound - Tops Cordell
https://www.tiktok.com/@ld.1003_/video/7537285927987596550?is_from_webapp=1&sender_device=pc&web_id=7542449483972806162,,,2025/8/11,,åŸè² - yn_ - ìœ 
https://www.tiktok.com/@ld.1003_/video/7536891193679006981?is_from_webapp=1&sender_device=pc&web_id=7542449483972806162,,,2025/8/10,,MONTAGEM ALUCINANTE Rushex DJ ORBITAL - Rushex
https://www.tiktok.com/@ld.1003_/video/7536801883378191672?is_from_webapp=1&sender_device=pc&web_id=7542449483972806162,ğŸ±,,2025/8/10,,son original - Inoxleshinobi
https://www.tiktok.com/@ld.1003_/video/7536540934649990406?is_from_webapp=1&sender_device=pc&web_id=7542449483972806162,æˆ‘å¤ªæ™šæ‹äº†å“ˆå“ˆ,,2025/8/9,,åŸå£° - Mr.é•¿å®˜
https://www.tiktok.com/@ld.1003_/video/7536507237515218181?is_from_webapp=1&sender_device=pc&web_id=7542449483972806162,æˆ‘æ²’æƒ³åˆ°æœƒå¾ˆå¤šäººå–œæ­¡,,2025/8/9,,åŸè² - Oooliviaaa32
https://www.tiktok.com/@ld.1003_/video/7536118671903575302?is_from_webapp=1&sender_device=pc&web_id=7542449483972806162,ç¬¬ä¸€æ¬¡ç”¨è‡ªç„¶å…‰æ‹,,2025/8/8,,ì˜¤ë¦¬ì§€ë„ ì‚¬ìš´ë“œ - jessica323231
https://www.tiktok.com/@ld.1003_/video/7535634649926749446?is_from_webapp=1&sender_device=pc&web_id=7542449483972806162,æˆ‘è¶…å–œæ­¡,,2025/8/7,,VIDA BOA - MC LOCKED & DJ FAIZOO & EnvyMind & MC L7
https://www.tiktok.com/@ld.1003_/video/7535367141525146936?is_from_webapp=1&sender_device=pc&web_id=7535490260223526407,,,2025/8/6,,nháº¡c ná»n - Lylyyyâ¤ï¸â€ğŸ©¹ğŸ’ - Lylyyyâ¤ï¸â€ğŸ©¹ğŸ–‡ï¸
https://www.tiktok.com/@ld.1003_/video/7534937510653316357?is_from_webapp=1&sender_device=pc&web_id=7535490260223526407,å…«æ–¹ä¾†,,2025/8/5,,åŸè² - é¹¿ğŸ¦Œ
https://www.tiktok.com/@ld.1003_/video/7534910456931044613?is_from_webapp=1&sender_device=pc&web_id=7535490260223526407,åˆ†äº”å¤©æ‹çš„ å¤ªå°·å°¬äº†ä½†ä¸ç™¼åˆæµªè²»äº”å¤©,,2025/8/5,,original sound - GhostcloudğŸ¶â˜ï¸
https://www.tiktok.com/@ld.1003_/video/7534313893234036024?is_from_webapp=1&sender_device=pc&web_id=7535490260223526407,êœ€(^. .^êœ€ )êœ†à©­,,2025/8/3,,Vem Vem - Jmilton & MC Xangai
https://www.tiktok.com/@ld.1003_/video/7534138348051418374?is_from_webapp=1&sender_device=pc&web_id=7535490260223526407,åˆæ˜¯é€™é¦–æ­Œ:0,#fyp,2025/8/3,,åŸè² - é¹¿ğŸ¦Œ
https://www.tiktok.com/@ld.1003_/video/7533925556098895160?is_from_webapp=1&sender_device=pc&web_id=7535490260223526407,I don't really care if you like me,"#DirtyWork,#aespa,#fyp",2025/8/2,,Jet2 Advert - âœˆï¸A7-BBH | MAN ğŸ‡¬ğŸ‡§
https://www.tiktok.com/@ld.1003_/video/7533555996598242565?is_from_webapp=1&sender_device=pc&web_id=7535490260223526407,è¦ç¬‘æ­»äº† dc: @SORA ğŸ¦‡,,2025/8/1,,original sound - â˜… ğšƒâ€™ğ™½â€™ğ™° â˜…
https://www.tiktok.com/@ld.1003_/video/7533346627399060741?is_from_webapp=1&sender_device=pc&web_id=7535490260223526407,é¹¿æ¯”é†¬ï½,,2025/8/1,,nháº¡c ná»n - ğ™€ğ™˜ğ™ğ™¤
https://www.tiktok.com/@ld.1003_/video/7533112893160688902?is_from_webapp=1&sender_device=pc&web_id=7535490260223526407,,,2025/7/31,,LUNA BALA (Slowed) - Yb Wasg'ood & Ariis
https://www.tiktok.com/@ld.1003_/video/7532810675215731974?is_from_webapp=1&sender_device=pc&web_id=7535490260223526407,,,2025/7/30,,son original - â„’ğ’¾ğ“ğ’·ğ’¶ğ“ƒğ“€ â˜˜ï¸ï¸
https://www.tiktok.com/@ld.1003_/video/7532480699497024774?is_from_webapp=1&sender_device=pc&web_id=7535490260223526407,,,2025/7/29,,Ø§Ù„ØµÙˆØª Ø§Ù„Ø£ØµÙ„ÙŠ - x_zit.04
https://www.tiktok.com/@ld.1003_/video/7532087985689382150?is_from_webapp=1&sender_device=pc&web_id=7535490260223526407,åœ¨æ—¥æœ¬çœ‹åˆ°é‡‡å©•æœ¬äºº è¶…ç´šæ¼‚äº®,,2025/7/28,,åŸè² - éŒ¢
https://www.tiktok.com/@ld.1003_/video/7531956625578528006?is_from_webapp=1&sender_device=pc&web_id=7535490260223526407,æˆ‘çš„è‰ç¨¿ä¸€å¤©ç™¼åéƒ¨å…©å€‹æœˆéƒ½ç™¼ä¸å®Œ,,2025/7/28,,åŸè² - 9m
https://www.tiktok.com/@ld.1003_/video/7531669351615843640?is_from_webapp=1&sender_device=pc&web_id=7535490260223526407,^_âˆ’â˜†,,2025/7/27,,original sound - éŸ³ä¹é¦†ğŸ¶
https://www.tiktok.com/@ld.1003_/video/7531364796676001030?is_from_webapp=1&sender_device=pc&web_id=7535490260223526407,,"#06,#å°å—",2025/7/27,,åŸè² - å»–å°æ¶”.ğŸ€
https://www.tiktok.com/@ld.1003_/video/7531269867559832837?is_from_webapp=1&sender_device=pc&web_id=7535490260223526407,,,2025/7/26,,MONTAGEM LADRAO - ATLXS & MXZI & Itamar Mc
https://www.tiktok.com/@ld.1003_/video/7531269867559832837?is_from_webapp=1&sender_device=pc&web_id=7535490260223526407,,,2025/7/26,,åŸè² - é¹¿ğŸ¦Œ
https://www.tiktok.com/@ld.1003_/video/7530849817740725560?is_from_webapp=1&sender_device=pc&web_id=7535490260223526407,,,2025/7/25,,MENTE MÃ - Nakama & Mc Staff
https://www.tiktok.com/@ld.1003_/video/7530600117309656326?is_from_webapp=1&sender_device=pc&web_id=7535490260223526407,,,2025/7/24,,original sound - Sam Jorden
https://www.tiktok.com/@ld.1003_/video/7530513502885268741?is_from_webapp=1&sender_device=pc&web_id=7535490260223526407,åœ¨æ—¥æœ¬æ‹çš„ğŸ‡¯ğŸ‡µ,,2025/7/24,,suara asli - ilham
https://www.tiktok.com/@ld.1003_/video/7530189206551907590?is_from_webapp=1&sender_device=pc&web_id=7535490260223526407,,,2025/7/23,,nháº¡c ná»n - Dá»«a(æ¤°å­)
https://www.tiktok.com/@ld.1003_/video/7529394073376001285?is_from_webapp=1&sender_device=pc&web_id=7535490260223526407,æ¯”æ˜¨å¤©æ›´æƒ³ä½ ,,2025/7/21,,åŸè² - æš´èºæ‹¾å…­Â¹â¶ğŸ½
https://www.tiktok.com/@ld.1003_/video/7527612032149933318?is_from_webapp=1&sender_device=pc&web_id=7535490260223526407,,,2025/7/16,,ì˜¤ë¦¬ì§€ë„ ì‚¬ìš´ë“œ - ë§ˆë‹ˆë¨¸ê²ƒë‹¤
https://www.tiktok.com/@ld.1003_/video/7526883394307771653?is_from_webapp=1&sender_device=pc&web_id=7535490260223526407,è¦æ¬æ–°å®¶äº† é‚„æ²’æœ‰åºŠæ‰€ä»¥å¯ä»¥ç«™é€™ä½å­è·³,,2025/7/14,,åŸè² - èŠ‹é ­.
https://www.tiktok.com/@ld.1003_/video/7526799497540832568?is_from_webapp=1&sender_device=pc&web_id=7535490260223526407,,,2025/7/14,,sonido original - Dj Anyelo
https://www.tiktok.com/@ld.1003_/video/7526468454963055878?is_from_webapp=1&sender_device=pc&web_id=7535490260223526407,18å¹´é»‘é•·ç›´æ›é«®å‹äº†,,2025/7/13,,original sound - May
https://www.tiktok.com/@ld.1003_/video/7525761178358910213?is_from_webapp=1&sender_device=pc&web_id=7535490260223526407,åŒä¸€å¥—æ‹å¾ˆå¤šé¦–ä¸æ˜¯å› ç‚ºå¾ˆå–œæ­¡ åªæ˜¯ç¿’æ…£,,2025/7/11,,MISERICÃ“RDIA GALLARDO - Ultra Slowed - Prompto
https://www.tiktok.com/@ld.1003_/video/7524963924152732934?is_from_webapp=1&sender_device=pc&web_id=7535490260223526407,è¶æ©ŸæŠŠè‰ç¨¿ç™¼å®Œ,,2025/7/9,,NEW JEANS HOOD TRAP - IzRosh
https://www.tiktok.com/@ld.1003_/video/7524838547791121669?is_from_webapp=1&sender_device=pc&web_id=7535490260223526407,æˆ‘è…³æ­¥ä¸€æ¨£åˆ°åƒè¤‡è£½è²¼ä¸Š æ„Ÿè¦ºé€™é¦–ä¹‹å¾Œæœƒå¾ˆå¤šäººè·Ÿæœ‹è·³ æˆ‘å…ˆè‡ªå·±è·³ä¸€ä¸‹,"#06,#å°å—",2025/7/9,,åŸè² - é¹¿ğŸ¦Œ
https://www.tiktok.com/@ld.1003_/video/7524230986209463557?is_from_webapp=1&sender_device=pc&web_id=7535490260223526407,,,2025/7/7,,Ğ¾Ñ€Ğ¸Ğ³Ğ¸Ğ½Ğ°Ğ»ÑŒĞ½Ñ‹Ğ¹ Ğ·Ğ²ÑƒĞº - ParkerğŸ¥¸
https://www.tiktok.com/@ld.1003_/video/7523862598413159686?is_from_webapp=1&sender_device=pc&web_id=7535490260223526407,è£¡é¢è¤²å­æ²’æ‹‰å¥½ æ‰€ä»¥é‚„æ˜¯é¦¬äº†ä¸€ä¸‹,,2025/7/6,,åŸè² - é¹¿ğŸ¦Œ
https://www.tiktok.com/@ld.1003_/video/7523235428258827525?is_from_webapp=1&sender_device=pc&web_id=7535490260223526407,ä¹‹å‰æ‹çš„,,2025/7/4,,sonido original - ğ’ğ‹ğ–ğ’ğğ†ğ’
https://www.tiktok.com/@ld.1003_/video/7522835436490820870?is_from_webapp=1&sender_device=pc&web_id=7535490260223526407,,,2025/7/3,,original sound - éŸ³ä¹é¦†ğŸ¶
https://www.tiktok.com/@ld.1003_/photo/7522685703889882424?is_from_webapp=1&sender_device=pc&web_id=7535490260223526407,æ’°å¯«è¼ƒé•·çš„æè¿°å¹³å‡å¯å¤šç²å¾—3å€è§€çœ‹æ¬¡æ•¸ã€‚,,2025/7/3,,åŸè² - _03.
https://www.tiktok.com/@ld.1003_/video/7522414660503489798?is_from_webapp=1&sender_device=pc&web_id=7535490260223526407,æµé‡0åˆ†,,2025/7/2,,original sound - éŸ³ä¹é¦†ğŸ¶
https://www.tiktok.com/@ld.1003_/video/7521983395677687096?is_from_webapp=1&sender_device=pc&web_id=7535490260223526407,ä¸æ˜¯é«˜ä¸­ç”Ÿä¹Ÿä¸æ˜¯å¤§å­¸ç”Ÿ æˆ‘ç¾åœ¨ä»€éº¼ä¹Ÿä¸æ˜¯,,2025/7/1,,nháº¡c ná»n - è“ç¾Šç¾Šä¸æ‡’
https://www.tiktok.com/@ld.1003_/video/7521695360146869510?is_from_webapp=1&sender_device=pc&web_id=7535490260223526407,ğŸ«,,2025/6/30,,åŸè² - è¹ç« - è¹çç 
https://www.tiktok.com/@ld.1003_/video/7521500185642421560?is_from_webapp=1&sender_device=pc&web_id=7535490260223526407,,,2025/6/30,,nháº¡c ná»n - DÆ°a háº¥u khÃ´ng Ä‘Æ°á»ng
https://www.tiktok.com/@ld.1003_/video/7521264856490626310?is_from_webapp=1&sender_device=pc&web_id=7535490260223526407,,#fyp,2025/6/29,,Vem Vem - Jmilton & MC Xangai
https://www.tiktok.com/@ld.1003_/photo/7520741626633833734?is_from_webapp=1&sender_device=pc&web_id=7535490260223526407,17â­¢18 å­¸æ¸¬å‰æƒ³ç™¼çš„ æ”¾è‰ç¨¿å¥½ä¹…äº†,,2025/6/28,,suara asli - ğŸ‘ğŸğŸ‘ ğğ§â™¬
https://www.tiktok.com/@ld.1003_/video/7520548558047661317?is_from_webapp=1&sender_device=pc&web_id=7535490260223526407,æˆ‘å¾ˆå–œæ­¡é€™é¦–,,2025/6/27,,åŸè² - é¹¿ğŸ¦Œ
https://www.tiktok.com/@ld.1003_/video/7519861187853454648?is_from_webapp=1&sender_device=pc&web_id=7535490260223526407,,,2025/6/25,,ì›Œì‹±ì‹±ë…¸ë˜ê¸´ë²„ì „ ì›Œì‹±ì‹œ - deejay_.flow
https://www.tiktok.com/@ld.1003_/video/7519813812585811206?is_from_webapp=1&sender_device=pc&web_id=7535490260223526407,å¥½åƒè¦é¦¬æ‰ä¸æœƒé™ è©¦è©¦,,2025/6/25,,åŸè² - è»Šå¹²è»Šå¹²ğŸŒ¹
https://www.tiktok.com/@ld.1003_/video/7519041571359034630?is_from_webapp=1&sender_device=pc&web_id=7535490260223526407,169,,2025/6/23,,original sound - Sam Jorden
https://www.tiktok.com/@ld.1003_/video/7518292995108572472?is_from_webapp=1&sender_device=pc&web_id=7535490260223526407,æ–°æœ‹å‹,,2025/6/21,,åŸå£° - buqicrew_official
https://www.tiktok.com/@ld.1003_/video/7518028390914379013?is_from_webapp=1&sender_device=pc&web_id=7535490260223526407,å¤ªå¿™äº†å¿˜è¨˜ç™¼äº† ins:ld.1003_,,2025/6/20,,åŸè² - å°æ±
https://www.tiktok.com/@ld.1003_/video/7516828652479253765?is_from_webapp=1&sender_device=pc&web_id=7535490260223526407,ä»Šå¤©ç¡åˆ°ä¸‹åˆä¸‰é»,,2025/6/17,,som original - editzim
https://www.tiktok.com/@ld.1003_/video/7516448434837015814?is_from_webapp=1&sender_device=pc&web_id=7535490260223526407,ğŸ‘ğŸ»,,2025/6/16,,original sound - johnmarkx_ Slowed - johnmarkx_ slowed
https://www.tiktok.com/@ld.1003_/video/7516108444370210053?is_from_webapp=1&sender_device=pc&web_id=7535490260223526407,,,2025/6/15,,original sound - Yue - moon
https://www.tiktok.com/@ld.1003_/video/7515735976983956742?is_from_webapp=1&sender_device=pc&web_id=7535490260223526407,ä½ å€‘æ²’äººæ•²ç¢—çš„ä¾†äº†,,2025/6/14,,som original - .
https://www.tiktok.com/@ld.1003_/video/7515309625713970488?is_from_webapp=1&sender_device=pc&web_id=7535490260223526407,å“ºåš•å‹•äº†æˆ‘çš„æ”¯æ¶ ä½†å‹•çš„å¾ˆå‰›å¥½ æ‰€ä»¥æ²’æœ‰é‡æ‹,"#fyp,#06,#å°å—",2025/6/13,,DIA DELÃCIA - Nakama & Mc Staff & Î£P
https://www.tiktok.com/@ld.1003_/video/7515154505378336056?is_from_webapp=1&sender_device=pc&web_id=7535490260223526407,3:57,,2025/6/13,,æ²¡æœ‰äººå¯ä»¥å»ç­‰å¾…DJå¡ç‚¹èˆ - éŸ³ä¹é¦†ğŸ¶
https://www.tiktok.com/@ld.1003_/video/7515002983260671237?is_from_webapp=1&sender_device=pc&web_id=7535490260223526407,æˆ‘ç¬¬ä¸€æ¬¡æ‹æœ‰è¬›è©±çš„ æ‹äº†å¥½ä¹…ä¸è¦ç¬‘æˆ‘ æ‰¾å–µå–µå„²å€¼ è¼¸å…¥æˆ‘çš„æŠ˜æ‰£ç¢¼å¯ä»¥æŠ˜$100!,,2025/6/12,,åŸè² - é¹¿ğŸ¦Œ
https://www.tiktok.com/@ld.1003_/video/7514597659886374149?is_from_webapp=1&sender_device=pc&web_id=7535490260223526407,æˆ‘èªªæˆ‘å€’æ•¸8å¤©è¦å»ç„¶å¾Œæˆ‘1å¤©éƒ½æ²’å»,,2025/6/11,,original sound - 2/2
https://www.tiktok.com/@ld.1003_/video/7514283036859469061?is_from_webapp=1&sender_device=pc&web_id=7535490260223526407,,,2025/6/10,,Montagem Impacto (Slowed) - SEKIRX
https://www.tiktok.com/@ld.1003_/video/7513547264959204614?is_from_webapp=1&sender_device=pc&web_id=7535490260223526407,æˆ–è¨±æ˜¯æˆ‘éŒ¯äº† ä½†é‚£åˆæ€æ¨£å‘¢,"#06,#å°å—",2025/6/8,,åŸè² - èŠ‹é ­.
https://www.tiktok.com/@ld.1003_/video/7513500588575968518?is_from_webapp=1&sender_device=pc&web_id=7535490260223526407,è¡¨æ¼”å‰ä¸€å¤©æ‹çš„ å¤ªå¿™äº†å­¸ä¸€ä¸‹ä¸‹å°±é¦¬ä¸Šæ‹äº†,,2025/6/8,,Money Pull Up - Blaiz Fayah & Maureen & Dj Glad
https://www.tiktok.com/@ld.1003_/video/7512069000919059717?is_from_webapp=1&sender_device=pc&web_id=7535490260223526407,æœ€è¿‘å¤ªå¿™äº† æœ‰é»æ™šç™¼:|,,2025/6/4,,nháº¡c ná»n - DÆ°a háº¥u khÃ´ng Ä‘Æ°á»ng
https://www.tiktok.com/@ld.1003_/video/7511302104611360005?is_from_webapp=1&sender_device=pc&web_id=7535490260223526407,ğŸ‘€,,2025/6/2,,åŸè² - é¹¿ğŸ¦Œ
https://www.tiktok.com/@ld.1003_/video/7510925873881648440?is_from_webapp=1&sender_device=pc&web_id=7535490260223526407,æˆ‘ç©¿å­¸æ ¡è¤²å­è…³éƒ½æœƒæ›´ç´°è¶…å™ ç•«è³ªå¥½çˆ›,,2025/6/1,,åŸè² - æ•c
https://www.tiktok.com/@ld.1003_/video/7510506376934722822?is_from_webapp=1&sender_device=pc&web_id=7535490260223526407,Collide,,2025/5/31,,Collide (sped up) - Justine Skye
https://www.tiktok.com/@ld.1003_/video/7510097066966764806?is_from_webapp=1&sender_device=pc&web_id=7535490260223526407,å¤§å®¶å¥½ æˆ‘æ˜¯åˆº,,2025/5/30,,åŸè² - è–›Â²
https://www.tiktok.com/@ld.1003_/video/7509428539742096696?is_from_webapp=1&sender_device=pc&web_id=7535490260223526407,ç•¢æ¥­å€’æ•¸8å¤©!,,2025/5/28,,åŸè² - ç°¡ - 88
https://www.tiktok.com/@ld.1003_/video/7508341960155909432?is_from_webapp=1&sender_device=pc&web_id=7535490260223526407,å¾ˆå–œæ­¡é€™é¦–æ‰€ä»¥è‡ªå·±éš¨ä¾¿è·³äº†å¾Œé¢,,2025/5/25,,MONTAGEM BAILÃƒO - Repsaj & ATLXS & Mc Jhey
https://www.tiktok.com/@ld.1003_/video/7507910386641800454?is_from_webapp=1&sender_device=pc&web_id=7535490260223526407,If youâ€™re done with your ex. Move on to the nextğŸ«µğŸ»,,2025/5/24,,original sound - Kuya Magik ğŸª„ - Kuya Magik No1 ğŸª„
https://www.tiktok.com/@ld.1003_/video/7506053301209763078?is_from_webapp=1&sender_device=pc&web_id=7535490260223526407,å¥¹å€‘å«æˆ‘é¦¬çš„,,2025/5/19,TRUE,sonido original - ğ•®ğ–†ğ–—ğ–‘ğ–”ğ–˜ğ–•ğ–Šğ–—ğ–Šğ–Ÿ
https://www.tiktok.com/@ld.1003_/video/7505449435250330886?is_from_webapp=1&sender_device=pc&web_id=7535490260223526407,ä½ å€‘æ˜¯ä¸æ˜¯æ¯”è¼ƒå–œæ­¡éœ§éœ§çš„ç‰¹æ•ˆ æ˜¨å¤©å‡ºå»ç·´èˆå¿˜è¨˜å…ˆç™¼äº†å‘ƒå‘ƒå‘ƒå‘ƒ æ—¥æ›´é›£å¾—å¤±æ•— ä½†ä»Šå¤©å°±æœƒæœ‰å…©éƒ¨!,,2025/5/18,,nháº¡c ná»n - DÆ°a háº¥u khÃ´ng Ä‘Æ°á»ng
https://www.tiktok.com/@ld.1003_/video/7504883533194792198?is_from_webapp=1&sender_device=pc&web_id=7535490260223526407,æœƒè€ƒåŠ æ²¹,,2025/5/16,,nháº¡c ná»n - Tuá»‡ LÃ¢m
https://www.tiktok.com/@ld.1003_/video/7504566695923600646?is_from_webapp=1&sender_device=pc&web_id=7535490260223526407,ç¡è¡£,,2025/5/15,,nháº¡c ná»n - SHAKENARRYæˆ‘è¿˜æœ‰çŒ«è¦å…»
https://www.tiktok.com/@ld.1003_/video/7504270346841836806?is_from_webapp=1&sender_device=pc&web_id=7535490260223526407,å“ºåš•åœ¨é¡å­è£¡,"#06,#å°å—",2025/5/14,,åŸå£° - å¼ â•æ…§ - å¼ å˜‰æ…§
https://www.tiktok.com/@ld.1003_/video/7503807950713146629?is_from_webapp=1&sender_device=pc&web_id=7535490260223526407,å¯æ„›,,2025/5/13,,original sound - éŸ³ä¹é¦†ğŸ¶
https://www.tiktok.com/@ld.1003_/video/7503459488297504005?is_from_webapp=1&sender_device=pc&web_id=7535490260223526407,è€é—†æˆ‘è¦oä¸€é»çš„,,2025/5/12,,Shake It To The Max (FLY) (Remix) - MOLIY & Skillibeng & Shenseea
https://www.tiktok.com/@ld.1003_/video/7503149286830427447?is_from_webapp=1&sender_device=pc&web_id=7535490260223526407,"Iâ€™m your type, Iâ€™m the vibe",,2025/5/11,,pocket locket - Alaina Castillo
https://www.tiktok.com/@ld.1003_/video/7502806294512930054?is_from_webapp=1&sender_device=pc&web_id=7535490260223526407,ğŸ¤«,"#06,#å°å—",2025/5/10,,nháº¡c ná»n - å¯å¯~ğŸ¦‹
https://www.tiktok.com/@ld.1003_/video/7502044603999128887?is_from_webapp=1&sender_device=pc&web_id=7535490260223526407,ç”Ÿæ´»æƒ³æ“Šå€’æˆ‘ å»ç™¼ç¾æˆ‘å¾ä¾†æ²’èµ·ä¾†é,,2025/5/8,,nháº¡c ná»n - Oggy
https://www.tiktok.com/@ld.1003_/video/7501562316471700742?is_from_webapp=1&sender_device=pc&web_id=7535490260223526407,,,2025/5/7,,original sound - éŸ³ä¹é¦†ğŸ¶
https://www.tiktok.com/@ld.1003_/video/7501224582246976823?is_from_webapp=1&sender_device=pc&web_id=7535490260223526407,ç²‰çµ²å¯¶å¯¶å«æˆ‘æ‹çš„ ä¸€ç›´æ²’ç™¼,"#06,#å°å—",2025/5/6,,åŸè² - è²æ¯”
https://www.tiktok.com/@ld.1003_/video/7500468762127207685?is_from_webapp=1&sender_device=pc&web_id=7535490260223526407,æ²’äººè·Ÿæˆ‘æ‹:|,"#06,#å°å—",2025/5/4,,nháº¡c ná»n - DÆ°a háº¥u khÃ´ng Ä‘Æ°á»ng
https://www.tiktok.com/@ld.1003_/video/7500060562756226310?is_from_webapp=1&sender_device=pc&web_id=7535490260223526407,é ­é«®æ²’å¤¾å¥½:( ,"#06,#å°å—",2025/5/3,,Without Me - LAY Remix
https://www.tiktok.com/@ld.1003_/video/7499798924127915269?is_from_webapp=1&sender_device=pc&web_id=7535490260223526407,æ™šé»70%ç›´æ’­,"#06,#å°å—",2025/5/2,,nháº¡c ná»n - ChÃ­pğŸ«° - mthuyğŸ«°
https://www.tiktok.com/@ld.1003_/video/7499407894744419590?is_from_webapp=1&sender_device=pc&web_id=7535490260223526407,å–”è²·å°¬ æˆ‘å·²ç¶“æ„›ä¸Šä»– ,"#06,#å°å—",2025/5/1,,åŸè² - ğŸ¶
https://www.tiktok.com/@ld.1003_/video/7498599351439084806?is_from_webapp=1&sender_device=pc&web_id=7535490260223526407,é‡æ‹äº† ç™¼ç¾æ¯”è¼ƒé å¥½åƒæ¯”è¼ƒå¥½çœ‹,,2025/4/29,,screwbot factory 2 rhythm Heaven fever - lancelqt
https://www.tiktok.com/@ld.1003_/video/7498336130220248325?is_from_webapp=1&sender_device=pc&web_id=7535490260223526407,è‚šå­åˆè¢«èŸ²å’¬åˆ° èŸ² æˆ‘ä¸èªè­˜ä½  è«‹åˆ¥ä½”æœ‰æˆ‘,"#06,#å°å—",2025/4/28,,Dame Tu Cosita - El Chombo & Dancing Green Alien
https://www.tiktok.com/@ld.1003_/video/7498002373453925637?is_from_webapp=1&sender_device=pc&web_id=7535490260223526407,åªæ˜¯å–œæ­¡è·³æŠ–éŸ³èˆ,"#06,#å°å—",2025/4/27,,åŸè² - å°éƒ­la - éƒ­7ï¸âƒ£7ï¸âƒ£
https://www.tiktok.com/@ld.1003_/video/7497512551454952759?is_from_webapp=1&sender_device=pc&web_id=7535490260223526407,,"#06,#å°å—",2025/4/26,,nháº¡c ná»n - maryy ğ–¤ - ğ’ğ¡ğğ«ğ²ğ² ğŸŒ»
https://www.tiktok.com/@ld.1003_/video/7497142362527829303?is_from_webapp=1&sender_device=pc&web_id=7535490260223526407,ç¾åœ¨éƒ½æ²’äººè½éé€™é¦–æ¨‚äº†:( ,"#fyp,#06,#å°å—",2025/4/25,,Perfect x Mood - Kuya Magik No1 ğŸª„
https://www.tiktok.com/@ld.1003_/video/7496806233148542263?is_from_webapp=1&sender_device=pc&web_id=7535490260223526407,:<,,2025/4/24,,sonido original - ğ•®ğ–†ğ–—ğ–‘ğ–”ğ–˜ğ–•ğ–Šğ–—ğ–Šğ–Ÿ
https://www.tiktok.com/@ld.1003_/video/7496721418739010871?is_from_webapp=1&sender_device=pc&web_id=7535490260223526407,æˆ‘ä¸æœƒæ‰€ä»¥éƒ½ç”¨è…³,"#06,#å°å—",2025/4/24,,screwbot factory 2 rhythm Heaven fever - lancelqt
https://www.tiktok.com/@ld.1003_/video/7496376374014299398?is_from_webapp=1&sender_device=pc&web_id=7535490260223526407,æˆ‘çš„ç„¡åŠ›æˆç‚ºäº†æˆ‘çš„æ•—ç­†,"#06,#å°å—",2025/4/23,,åŸè² - é¹¿ğŸ¦Œ
https://www.tiktok.com/@ld.1003_/video/7496134645877198135?is_from_webapp=1&sender_device=pc&web_id=7535490260223526407,æ™šè·Ÿ,"#fyp,#06,#å°å—",2025/4/22,,nháº¡c ná»n - DÆ°a háº¥u khÃ´ng Ä‘Æ°á»ng
https://www.tiktok.com/@ld.1003_/video/7496057964051107078?is_from_webapp=1&sender_device=pc&web_id=7535490260223526407,æ²’çœ‹éå°ç£äººæ‹ æˆ‘æ˜¯ç¬¬ä¸€å€‹å—å˜¿å˜¿ ä¸æƒ³æ“‹åˆ°è…¿å°±é€™æ¨£æ‰“äº†,"#fyp,#06,#å°å—",2025/4/22,,åŸè² - é¹¿ğŸ¦Œ
https://www.tiktok.com/@ld.1003_/video/7495233669146168631?is_from_webapp=1&sender_device=pc&web_id=7535490260223526407,,"#06,#å°å—",2025/4/20,,nháº¡c ná»n - Tuáº¥n Anh ğŸ¤
https://www.tiktok.com/@ld.1003_/video/7494528234118270214?is_from_webapp=1&sender_device=pc&web_id=7535490260223526407,ç‚ºå•¥æ²’æœ‰äººè¦ç”¨æˆ‘çš„éŸ³æª”æ‹,"#06,#å°å—",2025/4/18,,åŸè² - é¹¿ğŸ¦Œ
https://www.tiktok.com/@ld.1003_/video/7494161993318796599?is_from_webapp=1&sender_device=pc&web_id=7535490260223526407,ä¼Šæ ¼ğŸ¥µ,,2025/4/17,,à¹€à¸ªà¸µà¸¢à¸‡à¸•à¹‰à¸™à¸‰à¸šà¸±à¸š - à¸­à¸‡à¸„à¹Œà¸Šà¸²à¸¢à¸®à¸‡à¹à¸ˆà¸¢à¸­à¸¥ (à¸¥à¸‡à¹à¸¡à¹ˆà¹à¸šà¸š)
https://www.tiktok.com/@ld.1003_/video/7493771638207499575?is_from_webapp=1&sender_device=pc&web_id=7535490260223526407,æˆ‘éœéœçš„çœ‹è‘—youåƒå±±å·ä¼´è‘—æ²³æµ,"#fyp,#06,#å°å—",2025/4/16,,åŸè² - ğ“¯ğ“ªğ“·ğ“¬ğ”‚ ğ“½ğ“®ğ”ğ“½
https://www.tiktok.com/@ld.1003_/video/7493409445574118662?is_from_webapp=1&sender_device=pc&web_id=7535490260223526407,é€™é¦–æ„Ÿè¦ºæœƒè¶Šä¾†è¶Šå¤šäººè·³,"#fyp,#06,#å°å—",2025/4/15,,åŸè² - é¹¿ğŸ¦Œ
https://www.tiktok.com/@ld.1003_/video/7492688775827442999?is_from_webapp=1&sender_device=pc&web_id=7535490260223526407,æˆ‘æœ‰ä¸€ç¬é–“è·‘å‡ºè™ç‰™æ¬¸,,2025/4/13,,nháº¡c ná»n - DÆ°a háº¥u khÃ´ng Ä‘Æ°á»ng
https://www.tiktok.com/@ld.1003_/video/7492668735942053175?is_from_webapp=1&sender_device=pc&web_id=7535490260223526407,æ€éº¼æ²’çœ‹åˆ°å¾ˆå¤šå°ç£äººæ‹é€™é¦– å¦³å€‘å¿«æ‹æˆ‘æƒ³çœ‹,"#fyp,#06,#å°å—",2025/4/13,,ì˜¤ë¦¬ì§€ë„ ì‚¬ìš´ë“œ - ZEROBASEONE
https://www.tiktok.com/@ld.1003_/video/7492370895814675717?is_from_webapp=1&sender_device=pc&web_id=7535490260223526407,æ˜¨å¤©æ‹äº†å¾ˆå¤š!,,2025/4/12,,åŸè² - è¨±å°å¯§. - å¹¸ç¦ä½ åª½
https://www.tiktok.com/@ld.1003_/video/7492286513678535941?is_from_webapp=1&sender_device=pc&web_id=7535490260223526407,,,2025/4/12,,åŸè² - é¹¿ğŸ¦Œ
https://www.tiktok.com/@ld.1003_/video/7491657028893510967?is_from_webapp=1&sender_device=pc&web_id=7535490260223526407,â‚ŠËšâ™± ğŸ©¹,,2025/4/10,,original sound - âœ­C4X5âœ­
https://www.tiktok.com/@ld.1003_/video/7490806114053917957?is_from_webapp=1&sender_device=pc&web_id=7535490260223526407,èŒèŒçš„type,"#06,#å°å—",2025/4/8,,nháº¡c ná»n - DÆ°a háº¥u khÃ´ng Ä‘Æ°á»ng
https://www.tiktok.com/@ld.1003_/video/7490165416858373381?is_from_webapp=1&sender_device=pc&web_id=7535490260223526407,å¥¹é†‰äº†,"#fyp,#06",2025/4/6,,summer 2017 - ivi
https://www.tiktok.com/@ld.1003_/video/7489742711906487557?is_from_webapp=1&sender_device=pc&web_id=7535490260223526407,,,2025/4/5,,nháº¡c ná»n - DÆ°a háº¥u khÃ´ng Ä‘Æ°á»ng
https://www.tiktok.com/@ld.1003_/video/7489650291868978438?is_from_webapp=1&sender_device=pc&web_id=7535490260223526407,å¥½åƒå·¨äºº,"#06,#å°å—",2025/4/5,,ì˜¤ë¦¬ì§€ë„ ì‚¬ìš´ë“œ - ì£ íŒë‚˜ë¬´
https://www.tiktok.com/@ld.1003_/video/7489298454368259383?is_from_webapp=1&sender_device=pc&web_id=7535490260223526407,ç™¼éŒ¯æ™‚æ©Ÿäº†:(,"#fyp,#06,#å°å—",2025/4/4,,nháº¡c ná»n - maryy ğ–¤ - ğ’ğ¡ğğ«ğ²ğ² ğŸŒ»
https://www.tiktok.com/@ld.1003_/video/7489036902520065335?is_from_webapp=1&sender_device=pc&web_id=7535490260223526407,kiss kiss,,2025/4/3,,nháº¡c ná»n - DÆ°a háº¥u khÃ´ng Ä‘Æ°á»ng
https://www.tiktok.com/@ld.1003_/video/7488958100041370886?is_from_webapp=1&sender_device=pc&web_id=7535490260223526407,é€™é¦–æœ€é©åˆè­¦å¯Ÿçš„é‚„æ²’æœ‰ç™¼!,,2025/4/3,,Ğ¾Ñ€Ğ¸Ğ³Ñ–Ğ½Ğ°Ğ»ÑŒĞ½Ğ¸Ğ¹ Ğ·Ğ²ÑƒĞº - á¶«áµ’áµ›áµ‰Ë¢áµ‰á¶°Ë¢Ë¢Ë¢
https://www.tiktok.com/@ld.1003_/video/7488634921448262917?is_from_webapp=1&sender_device=pc&web_id=7535490260223526407,å¸è¡€å°è²“å— ä¸€é»éƒ½ä¸ç”œ,"#06,#å°å—",2025/4/2,,åŸè² - èŠ‹é ­.
https://www.tiktok.com/@ld.1003_/video/7488210704047017221?is_from_webapp=1&sender_device=pc&web_id=7535490260223526407,ä¸Šç™®,,2025/4/1,,Give Me L.S.D - Hendorphin & Jeiff
https://www.tiktok.com/@ld.1003_/video/7487459423556848951?is_from_webapp=1&sender_device=pc&web_id=7535490260223526407,æŠ±æ­‰ä¸æ˜¯é­…é­”,"#fyp,#06,#å°å—",2025/3/30,,suara asli - å‘†å‘†
https://www.tiktok.com/@ld.1003_/video/7486946729120550149?is_from_webapp=1&sender_device=pc&web_id=7535490260223526407,å°å»¢ç‰‡ æˆ‘ç´¯äº† è¦ç¡è¦º æ™šå®‰ æ„›ä½ å€‘,,2025/3/29,,åŸè² - é¹¿ğŸ¦Œ
https://www.tiktok.com/@ld.1003_/video/7486650934768995639?is_from_webapp=1&sender_device=pc&web_id=7535490260223526407,ğŸ‘€,"#fyp,#06,#å°å—",2025/3/28,,original sound - éŸ³ä¹é¦†ğŸ¶
https://www.tiktok.com/@ld.1003_/video/7486348887939239223?is_from_webapp=1&sender_device=pc&web_id=7535490260223526407,æˆ‘çœ‹èµ·ä¾†åƒå‹•ç•«è£¡æœƒå‡ºç¾çš„å¿ƒæ©Ÿå£è²“,#å°å—,2025/3/27,,Bonde das Oncinhas - Dj LK da EscÃ³cia
https://www.tiktok.com/@ld.1003_/video/7485573651543248183?is_from_webapp=1&sender_device=pc&web_id=7535490260223526407,é‚„å¥½æˆ‘é–ƒé¿é»æ»¿,,2025/3/25,,nháº¡c ná»n - Liá»…uNhÆ°YÃªn
https://www.tiktok.com/@ld.1003_/video/7485242278055922949?is_from_webapp=1&sender_device=pc&web_id=7535490260223526407,ç‚ºä»€éº¼ä¸å–œæ­¡æˆ‘,,2025/3/24,,trend ng mag ex chariz - yÄ™xa
https://www.tiktok.com/@ld.1003_/video/7484977448451394871?is_from_webapp=1&sender_device=pc&web_id=7535490260223526407,æˆ‘..æˆ‘è¦é‡ç™¼,"#fyp,#06,#å°å—",2025/3/23,,Sobe Morro Desce Morro - Teko Bolado & mc pl alves & MK no Beat
https://www.tiktok.com/@ld.1003_/video/7484484524261412151?is_from_webapp=1&sender_device=pc&web_id=7535490260223526407,å­˜èµ·ä¾†ç•«è³ªéƒ½ä¸å¥½:(,"#fyp,#06,#å°å—",2025/3/22,,original sound - éŸ³ä¹é¦†ğŸ¶
https://www.tiktok.com/@ld.1003_/video/7484221228018863415?is_from_webapp=1&sender_device=pc&web_id=7535490260223526407,é ‚åˆ°æ²’åŠ›,"#fyp,#06,#å°å—",2025/3/21,,åŸè² - ä½ boss.
https://www.tiktok.com/@ld.1003_/video/7483842070491221254?is_from_webapp=1&sender_device=pc&web_id=7535490260223526407,å‡è£ä¸åœ¨æ„ å¯æ©è“‹ä¸äº†å…§å¿ƒçš„å–œæ­¡â™¡,,2025/3/20,,åŸè² - é‚£å’‹å•¦
https://www.tiktok.com/@ld.1003_/video/7483380674464861445?is_from_webapp=1&sender_device=pc&web_id=7535490260223526407,:Pç•¥,"#fyp,#06,#å°å—",2025/3/19,,nháº¡c ná»n - DÆ°a háº¥u khÃ´ng Ä‘Æ°á»ng
https://www.tiktok.com/@ld.1003_/video/7482271360413093126?is_from_webapp=1&sender_device=pc&web_id=7535490260223526407,å‹åˆ©ä¹‹èˆâœŒï¸('Ï‰'),"#fyp,#06,#å°å—",2025/3/16,,original sound - éŸ³ä¹é¦†ğŸ¶
https://www.tiktok.com/@ld.1003_/video/7481948987960970551?is_from_webapp=1&sender_device=pc&web_id=7535490260223526407,ç´…è‰²é«˜è·Ÿé‹,"#fyp,#06,#å°å—",2025/3/15,,åŸè² - cskn._1228 - csskxn
https://www.tiktok.com/@ld.1003_/video/7481584518189649157?is_from_webapp=1&sender_device=pc&web_id=7535490260223526407,2+2=æˆ‘å–œæ­¡ä½ ,"#fyp,#06,#å°å—",2025/3/13,,Two plus two is See Tinh Aaron Lim REMIX - AaronLim
https://www.tiktok.com/@ld.1003_/video/7481258806500920581?is_from_webapp=1&sender_device=pc&web_id=7535490260223526407,é€™æ¨¡æ¿æ­Œå±…ç„¶æœ‰èˆ! é€™ä¼¼é€™å¥—çš„æœ€å¾Œä¸€éƒ¨ã„Œ,"#fyp,#06,#å°å—",2025/3/13,,åŸè² - é¹¿ - é¹¿ğŸ¦Œ
https://www.tiktok.com/@ld.1003_/video/7480836797602237702?is_from_webapp=1&sender_device=pc&web_id=7535490260223526407,A4è…°,"#fyp,#06,#å°å—",2025/3/12,,åŸè² - J - ä½™.
https://www.tiktok.com/@ld.1003_/video/7480472721550298423?is_from_webapp=1&sender_device=pc&web_id=7535490260223526407,ç¦®æ‹œä¸€ç™¼éƒ½æ²’ä»€éº¼æµé‡ å‰›å¥½æ€•ä½ å€‘çœ‹è†© æ‰€ä»¥ä»Šå¤©ç™¼!å¾ˆå–œæ­¡ æˆ‘çµ¦75åˆ†,"#fyp,#06,#å°å—",2025/3/11,,FORGET - ğ—™ğ—”ğ—•ğ—¦
https://www.tiktok.com/@ld.1003_/video/7480116061577284869?is_from_webapp=1&sender_device=pc&web_id=7535490260223526407,å¥½é•·çš„æ­Œ,"#fyp,#06,#å°å—",2025/3/10,,nháº¡c ná»n - Mouse xá» khuyÃªnğŸ”¥ - 16.
https://www.tiktok.com/@ld.1003_/video/7479724291026636038?is_from_webapp=1&sender_device=pc&web_id=7535490260223526407,å–œæ­¡æ‰“å–œæ­¡ ä¸å–œæ­¡æ‰“æ¶,"#fyp,#06,#å°å—",2025/3/9,,åŸè² - é¹¿ - é¹¿ğŸ¦Œ
https://www.tiktok.com/@ld.1003_/video/7479272559796620550?is_from_webapp=1&sender_device=pc&web_id=7535490260223526407,é«˜ä¸€çš„è¡¨æ¼”è¡£æœ:P ,"#fyp,#06,#å°å—",2025/3/8,,original sound - ğŸ·Ah TunğŸ¸(á€Ÿá€­á€¯á€•á€„á€ºá€á€¬á€¸)offical - Tauk Tauk (á€Ÿá€­á€¯á€•á€„á€ºá€á€¬á€¸offical)â™ˆ
https://www.tiktok.com/@ld.1003_/video/7478557758573399301?is_from_webapp=1&sender_device=pc&web_id=7535490260223526407,ä»¥å‰æ˜¯çœŸçš„ä¸å¤ªæœƒè·³à«® Â´â€¢ â€¢` áƒ,"#06,#å°å—",2025/3/6,,nháº¡c ná»n - ğŸ„
https://www.tiktok.com/@ld.1003_/video/7478296791968943365?is_from_webapp=1&sender_device=pc&web_id=7535490260223526407,é€™æµé‡æ˜¯åœ¨è·Ÿæˆ‘èªçœŸå— ä¸åˆ°1000å€‹äººçœ‹è€¶ #fyp #06 #å°å— #å°åŒ— #æ–°åŒ— #åŸºéš†#åŸºéš†åœ’ #æ–°ç«¹ #è‹—æ — #å°ä¸­ #å½°åŒ– #å—æŠ• #é›²æ— #å˜‰ç¾© #é«˜é›„ #å±æ± #å®œè˜­ #èŠ±è“® #å°æ± æˆ‘éƒ½å»é é€™æ‹›å¾ˆå‘é„™ä¸å¥½æ„æ€å“ˆå“ˆå“ˆå“ˆå“ˆå“ˆå“ˆ,"#fyp,#06,#å°å—,#å°åŒ—,#æ–°åŒ—,#åŸºéš†,#åŸºéš†åœ’,#æ–°ç«¹,#è‹—æ —,#å°ä¸­,#å½°åŒ–,#å—æŠ•,#é›²æ—,#å˜‰ç¾©,#é«˜é›„,#å±æ±,#å®œè˜­,#èŠ±è“®,#å°æ±",2025/3/5,,nháº¡c ná»n - DÆ°a háº¥u khÃ´ng Ä‘Æ°á»ng
https://www.tiktok.com/@ld.1003_/video/7477912112514223365?is_from_webapp=1&sender_device=pc&web_id=7535490260223526407,åˆæ¥ä¾†è²¡,"#fyp,#06,#å°å—",2025/3/4,,åŸè² - é¹¿ - é¹¿ğŸ¦Œ
https://www.tiktok.com/@ld.1003_/video/7477536374577483014?is_from_webapp=1&sender_device=pc&web_id=7535490260223526407,æŠ“å§,"#fyp,#06,#å°å—",2025/3/3,,åŸè² - é¹¿ - é¹¿ğŸ¦Œ
https://www.tiktok.com/@ld.1003_/video/7476901920746081542?is_from_webapp=1&sender_device=pc&web_id=7535490260223526407,ä¸æ˜¯æˆ‘çš„é¢¨æ ¼ æˆ‘åƒè¢«é™„èº« çœŸè£,"#fyp,#06,#å°å—",2025/3/2,,åŸè² - é¹¿ - é¹¿ğŸ¦Œ
https://www.tiktok.com/@ld.1003_/video/7476728333292621061?is_from_webapp=1&sender_device=pc&web_id=7535490260223526407,é€™æ¨¡æ¿ä¹Ÿå¤ªå¸¥äº†å§..æ€éº¼æ²’äººç”¨,"#fyp,#06,#å°å—",2025/3/1,,nháº¡c ná»n - Báº£o SuZu
https://www.tiktok.com/@ld.1003_/video/7476471501030460678?is_from_webapp=1&sender_device=pc&web_id=7535490260223526407,åŒé¦–æ­Œæ‹äº†å¾ˆå¤šéƒ¨ ä½†ç™¼ä¸€æ¨£çš„éŸ³æ¨‚ç„¡èŠ æ‰€ä»¥èª¿é€Ÿåº¦å¡äº†åˆ¥é¦–éŸ³æ¨‚é€²å»å–å–,#å°å—,2025/2/28,,åŸè² - ğ—–ğ— - ğ™˜ğ™ 
https://www.tiktok.com/@ld.1003_/video/7476077981765618965?is_from_webapp=1&sender_device=pc&web_id=7535490260223526407,ğŸ˜›,"#fyp,#06,#å°å—,#é»‘é•·ç›´",2025/2/27,,nháº¡c ná»n - ç¾äººå„¿.
https://www.tiktok.com/@ld.1003_/video/7475952976016805126?is_from_webapp=1&sender_device=pc&web_id=7535490260223526407,é•·è…³æ€ª,"#fyp,#06",2025/2/27,,åŸè² - é¹¿ - é¹¿ğŸ¦Œ
https://www.tiktok.com/@ld.1003_/video/7475743911982451973?is_from_webapp=1&sender_device=pc&web_id=7535490260223526407,ç¬¬ä¸€æ¬¡çœ‹åˆ°é€™ç‰¹æ•ˆ é¦¬ä¸Šç”¨,"#fyp,#06,#å°å—",2025/2/26,,original sound - Mrzz_Nak - âš¡ï¸Mrzz_Nakâš¡ï¸
https://www.tiktok.com/@ld.1003_/video/7475651657909488901?is_from_webapp=1&sender_device=pc&web_id=7535490260223526407,é è¨€é€™éƒ¨å°‘äººçœ‹,"#fyp,#06,#å°å—",2025/2/26,,åŸè² - SoulğŸ‘‘
https://www.tiktok.com/@ld.1003_/video/7475229306600295686?is_from_webapp=1&sender_device=pc&web_id=7535490260223526407,ä½ èˆ‡æˆ‘å…ˆè«‡é¤Šå¿ƒæ®¿ å¾Œæ‹œç€‘æ·‹èº«,"#fyp,#06,#å°å—",2025/2/25,,åŸè² - è¿½è™§ (Jia Kai)
https://www.tiktok.com/@ld.1003_/video/7475217411822587142?is_from_webapp=1&sender_device=pc&web_id=7535490260223526407,ä¸é‡æ‹ã„Œ é‡ç™¼,"#fyp,#06,#å°å—",2025/2/25,,åŸè² - 3ing_ - SY
https://www.tiktok.com/@ld.1003_/video/7474862592427592965?is_from_webapp=1&sender_device=pc&web_id=7535490260223526407,å–œæ­¡é€™å¥—,"#fyp,#06,#å°å—",2025/2/24,,nháº¡c ná»n - nguyá»…n thi lÆ°Æ¡ng ğŸ¥´ğŸ¥° - fb NAY Há»£p (ğŸ’) :))
https://www.tiktok.com/@ld.1003_/video/7474195602058874117?is_from_webapp=1&sender_device=pc&web_id=7535490260223526407,ä¸€ç›´æ»‘åˆ° å›å®¶å°±é¦¬ä¸Šæ‹äº†,"#fyp,#06,#å°å—",2025/2/22,,åŸè² - ä½ boss.
https://www.tiktok.com/@ld.1003_/video/7473430084343500087?is_from_webapp=1&sender_device=pc&web_id=7535490260223526407,ä¸åƒæˆ‘ é€™èª°å•Š,"#fyp,#06,#å°å—",2025/2/20,,original sound - éŸ³ä¹é¦†ğŸ¶
https://www.tiktok.com/@ld.1003_/video/7473019265273089286?is_from_webapp=1&sender_device=pc&web_id=7535490260223526407,ä¸€ç›´æ²’ç™¼åŸç‰ˆ,"#fyp,#06,#å°å—",2025/2/19,,åŸè² - å°ç´«ğŸ’—
https://www.tiktok.com/@ld.1003_/video/7472674231503883526?is_from_webapp=1&sender_device=pc&web_id=7535490260223526407,ä¸4åªæœƒè·³æŠ–éŸ³æ­Œ åªæ˜¯å–œæ­¡è·³,"#fyp,#06",2025/2/18,,åŸè² - é¹¿ - é¹¿ğŸ¦Œ
https://www.tiktok.com/@ld.1003_/video/7472617491408178487?is_from_webapp=1&sender_device=pc&web_id=7535490260223526407,è¿‘çš„è·Ÿé çš„å–œæ­¡å“ªå€‹,"#fyp,#06,#å°å—",2025/2/18,,åŸè² - ç™½ç™½ğŸ¤¡ - à¼„á¶¦á¶°áµˆá­„ç™½ç™½ğŸ¤¡
https://www.tiktok.com/@ld.1003_/video/7472240312677567799?is_from_webapp=1&sender_device=pc&web_id=7535490260223526407,æœ‰æ¬¾éŠæˆ²è¶Šæ‰“è¶Šå¹´è¼• å°±æ˜¯æ‰‹æ©Ÿå’Œå¹³èè‹±ğŸ˜ğŸ’¥ğŸ’¥ğŸ’¥ ,"#fyp,#06,#å°å—",2025/2/17,,åŸè² - é¹¿ - é¹¿ğŸ¦Œ
https://www.tiktok.com/@ld.1003_/video/7471759120241102085?is_from_webapp=1&sender_device=pc&web_id=7535490260223526407,ä¹…æ²’5.ç¡ ç´¯ å¥½ç´¯ æ–°éš±çœ¼ é»‘åˆ°åƒå‡äºº,"#fyp,#06,#å°å—",2025/2/16,,original sound - éŸ³ä¹é¦†ğŸ¶
https://www.tiktok.com/@ld.1003_/video/7471522697541897478?is_from_webapp=1&sender_device=pc&web_id=7535490260223526407,å°å¸³è·³çš„æ‰æ˜¯å°çš„,"#fyp,#06,#å°å—",2025/2/15,,original sound - rodolphemanoukian_official
https://www.tiktok.com/@ld.1003_/video/7471190188681727237?is_from_webapp=1&sender_device=pc&web_id=7535490260223526407,,"#fyp,#06,#å°å—",2025/2/14,,åŸè² - æ¥Šå°è“ğŸª³
https://www.tiktok.com/@ld.1003_/video/7470445437846179078?is_from_webapp=1&sender_device=pc&web_id=7535490260223526407,æˆ‘åœ¨å‚³èªªèªè­˜çš„æœ‹æœ‹:,"#fyp,#06",2025/2/12,,åŸè² - è¨±
https://www.tiktok.com/@ld.1003_/video/7470078214992399621?is_from_webapp=1&sender_device=pc&web_id=7535490260223526407,å“ºåš•åœ¨æœ€å¾Œä¸€ç§’å‡ºç¾äº† æ„›å’¬åˆæ„›è¹­ğŸ˜‘,"#fyp,#06,#å°å—",2025/2/11,,nháº¡c ná»n - ç¾äººå„¿.
https://www.tiktok.com/@ld.1003_/video/7469151805130263863?is_from_webapp=1&sender_device=pc&web_id=7535490260223526407,4:44æ·±æ·±æ·±å¤œå±€,"#fyp,#06,#å°å—",2025/2/9,,original sound - Darxyeditz
https://www.tiktok.com/@ld.1003_/video/7468609384134888709?is_from_webapp=1&sender_device=pc&web_id=7535490260223526407,é‚Šåƒæ™šé¤é‚Šçœ‹æˆ‘:P,"#fyp,#06,#å°å—",2025/2/7,,åŸè² - 09 - æš´èºæ‹¾å…­Â¹â¶ğŸ½
https://www.tiktok.com/@ld.1003_/video/7468541163335716101?is_from_webapp=1&sender_device=pc&web_id=7535490260223526407,ï¼Ÿ,,2025/2/7,,WAPï¼ˆfeat. Megan Thee Stallionï¼‰ - Cardi B
https://www.tiktok.com/@ld.1003_/video/7467973401773116678?is_from_webapp=1&sender_device=pc&web_id=7535490260223526407,é€Ÿæ‹è·Ÿä¸€ä¸‹:O,"#fyp,#06,#å°å—",2025/2/6,,åŸè² - ç™½ç™½ğŸ¤¡ - à¼„á¶¦á¶°áµˆá­„ç™½ç™½ğŸ¤¡
https://www.tiktok.com/@ld.1003_/video/7467836226175798534?is_from_webapp=1&sender_device=pc&web_id=7535490260223526407,æ‹å…¨èº«éƒ½è·³ç°¡å–®èˆ à«®â‚ ËŠá—œË‹â‚áƒ,"#fyp,#06",2025/2/5,,nháº¡c ná»n - t_in - báº¡ch tuyáº¿t Ä‘i tÃ¬m hoÃ ng tá»­
https://www.tiktok.com/@ld.1003_/video/7466500351894539526?is_from_webapp=1&sender_device=pc&web_id=7535490260223526407,å˜Ÿä¸åš•ä¸å˜Ÿæ‰“æ‰“,"#fyp,#06",2025/2/2,,original sound - Jeremiah Custodio
https://www.tiktok.com/@ld.1003_/video/7465693771238362374?is_from_webapp=1&sender_device=pc&web_id=7535490260223526407,ğŸ˜¬ ä¸å¥½ç©,"#fyp,#06",2025/1/30,,original sound - è‰¯å¿ƒ - nixxmiich
https://www.tiktok.com/@ld.1003_/video/7465537098850815237?is_from_webapp=1&sender_device=pc&web_id=7535490260223526407,æœ€è¿‘éœ‡åˆ°ç¿’æ…£,"#06,#å°å—",2025/1/30,,åŸè² - è‡ªç„¶é†’
https://www.tiktok.com/@ld.1003_/video/7464442478528105734?is_from_webapp=1&sender_device=pc&web_id=7535490260223526407,ğ’¯ğ‘œğ“ğ’¾ğ’¸â˜ ï¸,"#fyp,#06",2025/1/27,,ã‚ªãƒªã‚¸ãƒŠãƒ«æ¥½æ›² - ï¸ ï¸ ï¸ ï¸ ï¸ ï¸ ï¸ ï¸ - mi
https://www.tiktok.com/@ld.1003_/video/7463371077557783814?is_from_webapp=1&sender_device=pc&web_id=7535490260223526407,ğŸ’¨ğŸ’¨,"#fyp,#06",2025/1/24,,original sound - éŸ³ä¹é¦†ğŸ¶
https://www.tiktok.com/@ld.1003_/video/7463098532728294662?is_from_webapp=1&sender_device=pc&web_id=7535490260223526407,å·®é»å¿˜è¨˜é–‹å§‹è·³,"#fyp,#06",2025/1/23,,original sound - à°Œ
https://www.tiktok.com/@ld.1003_/video/7461927793807412485?is_from_webapp=1&sender_device=pc&web_id=7535490260223526407,èª°è¦çš„(âŠ™oâŠ™),"#fyp,#06",2025/1/20,,nháº¡c ná»n - ND MusicğŸ§
https://www.tiktok.com/@ld.1003_/video/7460712713409383685?is_from_webapp=1&sender_device=pc&web_id=7535490260223526407,çœ‹èµ·ä¾†å¥½é•·å“¦ å–œæ­¡ å¾ˆä¹…çš„æ­Œäº†:O,"#fyp,#06,#å°å—,#æ¨è–¦,#æµé‡",2025/1/17,,orijinal ses - NARA
https://www.tiktok.com/@ld.1003_/video/7460354079538138373?is_from_webapp=1&sender_device=pc&web_id=7535490260223526407,ç¿»åˆ°çš„ å¹¹å˜›å’¬æˆ‘å•Šå¾ˆç—›æ¬¸ å¥‡æ€ªå¥‡æ€ªå¥‡æ€ª å®³æˆ‘è‡‰è®Šå°é¢é‚£æ¨£,"#fyp,#06,#å°å—",2025/1/16,,nháº¡c ná»n - ğ“ğ„ğ„ - DJ | Teng Muzic ğŸ‡»ğŸ‡³|ğŸ‡°ğŸ‡·
https://www.tiktok.com/@ld.1003_/video/7457512960055905541?is_from_webapp=1&sender_device=pc&web_id=7535490260223526407,å¸Œæœ›æˆ‘æ‰15æ­² ğŸ¥šå·²ç¶“18äº†,"#fyp,#06",2025/1/8,,Bonde das Oncinhas - Dj LK da EscÃ³cia
https://www.tiktok.com/@ld.1003_/video/7456436466265246982?is_from_webapp=1&sender_device=pc&web_id=7535490260223526407,å‰›å‰›æ‹çš„ å–œæ­¡å— ä¸å–œæ­¡å°±ç®—äº†æˆ‘çœŸçš„ä¸æœƒ,"#fyp,#06,#å°å—",2025/1/5,,original sound - â˜†figo
https://www.tiktok.com/@ld.1003_/video/7456020576524717318?is_from_webapp=1&sender_device=pc&web_id=7535490260223526407,ä»¥å‰æ‹çš„ æˆ‘è¡£æœä¸æ˜¯åªç©¿é»‘ç°ç™½å•¦ ç€æµ·é‚„å‰ªå¤ªçŸ­ æ²’äººè·Ÿæˆ‘æ‹å°±ç®—äº†é‚„å·¦å³ä¸åˆ†,"#fyp,#06,#å°å—",2025/1/4,,original sound - arahi
https://www.tiktok.com/@ld.1003_/video/7454828844378377478?is_from_webapp=1&sender_device=pc&web_id=7535490260223526407,æ–°å¹´å¿«æ¨‚å¤§å®¶!!!æˆ‘ç¡åˆ°ä¸‹åˆå…©é»!å¾ˆèˆ’æœ!é€™éƒ¨è‡‰ä¸å¥½çœ‹ çœ‹é¡å­!,"#fyp,#06,#å°å—",2025/1/1,,sonido original - halo
https://www.tiktok.com/@ld.1003_/video/7454239312205319429?is_from_webapp=1&sender_device=pc&web_id=7535490260223526407,åªå°æˆ‘ä¸€å€‹äººç‡ƒèµ·? ,"#fyp,#06,#å°å—",2024/12/31,,æ²‰æººDJ - éŸ³ä¹é¦†ğŸ¶
https://www.tiktok.com/@ld.1003_/video/7454122561790594310?is_from_webapp=1&sender_device=pc&web_id=7535490260223526407,ä¸€ç›´åœ¨ç™¼ä½ç‡’é ­è¶…æšˆå—å¤ äº†T^T ,"#fyp,#06,#å°å—,#æ¨è–¦,#æµé‡",2024/12/30,,Not The One - DJ HAI CENA
https://www.tiktok.com/@ld.1003_/video/7453472096740510981?is_from_webapp=1&sender_device=pc&web_id=7535490260223526407,å®Œå…¨æ²’å°è±¡æˆ‘æ‹éé€™éƒ¨..,"#fyp,#06",2024/12/28,,nháº¡c ná»n - Gá»i tá»› lÃ  GÃ  ğŸ¥ - Gá»i tá»› lÃ  gÃ  ğŸ£
https://www.tiktok.com/@ld.1003_/video/7453431408560803077?is_from_webapp=1&sender_device=pc&web_id=7535490260223526407,ä»¥å‰é‚„ä¸å¤ªæœƒè·³çš„æ™‚å€™æ‹çš„ é‚„ç©¿è£™å­æ‹æ¬¸ å¥½é…·,"#fyp,#06",2024/12/28,,nháº¡c ná»n - ğŸ„
https://www.tiktok.com/@ld.1003_/video/7453045179809828102?is_from_webapp=1&sender_device=pc&web_id=7535490260223526407,å°å»¢ç‰‡é¡†é¡†,,2024/12/27,,nháº¡c ná»n - lisha Mei - Rainn
https://www.tiktok.com/@ld.1003_/video/7452993873988619525?is_from_webapp=1&sender_device=pc&web_id=7535490260223526407,å¥½å•¦å…¶å¯¦ä¹Ÿå¯ä»¥å°åŠ›è·³,"#fyp,#06,#å°å—",2024/12/21,,nháº¡c ná»n - Nháº­c CÃ² - JAPANDEE
https://www.tiktok.com/@ld.1003_/video/7450566913480035590?is_from_webapp=1&sender_device=pc&web_id=7535490260223526407,02:45æ·±å¤œå±€,"#fyp,#06",2024/12/19,,original sound - ASTğŸ¤ŸFDR.JUNEMIE6âƒ£1âƒ£9âƒ£ğŸ‡°ğŸ‡¼ğŸ‡µğŸ‡­
https://www.tiktok.com/@ld.1003_/video/7450152376268229894?is_from_webapp=1&sender_device=pc&web_id=7535490260223526407,æœƒä¸æœƒä»¥å¾Œæˆ‘å½±ç‰‡éƒ½åªæœ‰10å€‹è®š å°é¢æ¯”è¶…å¥½çš„æ„›å¿ƒé€ç²‰çµ²æ‚¶:P,"#fyp,#06",2024/12/12,,nháº¡c ná»n - DJ Kim Chol
https://www.tiktok.com/@ld.1003_/video/7447104090884148485?is_from_webapp=1&sender_device=pc&web_id=7535490260223526407,è…³æ‰“é–‹ä¸æ˜¯è¦è®“ä½ èµ°é€²ä¾†ã€‚ã€‚å®³æˆ‘å¿˜å‹•ä½œ é‚„è¦å’¬æˆ‘!!!!,"#fyp,#06",2024/12/11,,On The Floor x Tyo x HuyZ - DJ Huy Z
https://www.tiktok.com/@ld.1003_/video/7446274614956756230?is_from_webapp=1&sender_device=pc&web_id=7535490260223526407,æœ¬ä¾†æ²’æœ‰è¦ç™¼çš„ä½†æœ‰äººå• ä¸»è¦å°±æ˜¯æœ‰æ±‚å¿…æ‡‰,"#fyp,#06,#å°å—",2024/12/9,,sonido original - halo
https://www.tiktok.com/@ld.1003_/video/7445688153899404550?is_from_webapp=1&sender_device=pc&web_id=7535490260223526407,å’–å¹¾æ’’é¦¬å’–å¹¾æ¬¸,"#fyp,#06,#å°å—",2024/12/7,,åŸè² - ğ˜
https://www.tiktok.com/@ld.1003_/video/7445163586059619639?is_from_webapp=1&sender_device=pc&web_id=7535490260223526407,çœ‹é¡å­å°±å¥½é€™æ¬¡è…¿æ‹èµ·ä¾†å¥½é•·:0,"#fyp,#06",2024/12/6,,nháº¡c ná»n - linh - Yenhogxgai
https://www.tiktok.com/@ld.1003_/video/7444148502034255160?is_from_webapp=1&sender_device=pc&web_id=7535490260223526407,å“€å±…ä¸€ç›´è¢«é€€è¿½çµæœæˆ‘ä»€éº¼éƒ½ä¸æ•¢ç™¼:( é€™éƒ¨æ˜¯æˆ‘æœ€å–œæ­¡çš„!! ä¹Ÿæ˜¯é€™å¥—æœ€å¾Œä¸€éƒ¨ éº»éº»èªªç©¿é€™æ¨£å¾ˆé†œå¥¹é‚„å«æˆ‘æŠŠä¸Šä¸€éƒ¨åˆªæ‰,"#fyp,#06,#å°å—",2024/12/3,,nháº¡c ná»n - ğ“ğ„ğ„ - DJ | Teng Muzic ğŸ‡»ğŸ‡³|ğŸ‡°ğŸ‡·
https://www.tiktok.com/@ld.1003_/video/7443393424801156408?is_from_webapp=1&sender_device=pc&web_id=7535490260223526407,æ²’çœ‹éå°ç£äººæ‹ å¥½æƒ³è·³çš„è·Ÿè¶Šå—äººä¸€æ¨£:/,"#fyp,#06,#å°å—,#æ¨è–¦,#æµé‡,#é«˜ä¸‰",2024/12/1,,nháº¡c ná»n - Nháº­c CÃ² - JAPANDEE
https://www.tiktok.com/@ld.1003_/video/7442769842211425591?is_from_webapp=1&sender_device=pc&web_id=7535490260223526407,ç¡å‰é‹å‹•!!! ,"#fyp,#06,#å°å—",2024/11/30,,nháº¡c ná»n - pÃ­ttttğŸ‘¾
https://www.tiktok.com/@ld.1003_/video/7441886794905423159?is_from_webapp=1&sender_device=pc&web_id=7535490260223526407,å­¸äº†20åˆ†:/ å¾Œé¢é‚£éƒ¨è·³çš„æ¯”è¼ƒå¥½ä½†è¦–è§’å¤ªå·®äº†#fyp #06 #å°å— #é«˜ä¸‰ #æµé‡ #æ¨è–¦ #fypã‚·ã‚š #å“€å±…åœ¨ä¸»é  #è‰ç¨¿ è‡ªå·±çŒœå­¸æ ¡ #å…”å­ #å°ç£äºº #169 #foryoupage #ä¸€å­¸å°±æœƒç³»åˆ— #æµé‡å›ä¾† #å¤©ç§¤åº§ #è›¤ #è¶Šå—é¼“ #è«‹å¿½ç•¥æ–èƒ¸é‚£æ®µå› ç‚ºæˆ‘çœŸçš„ä¸æœƒ #å¥³é«˜ä¸­ç”Ÿ #åˆ¥é™æˆ‘æµé‡ #é»‘é•·ç›´ #ç”·æ‰®å¥³è£ #ä¸è¦é€¼æˆ‘ç™¼å‚³èªª #æˆ‘ä¸å–œæ­¡é ‚èƒ¯ #çŸ­è¤² #é ­ #è„–å­ #è…¿ #æ‰‹ #è…° #è…³ #é¡å­ #ğŸ¤,"#fyp,#06,#å°å—,#é«˜ä¸‰,#æµé‡,#æ¨è–¦,#fypã‚·ã‚š,#å“€å±…åœ¨ä¸»é ,#è‰ç¨¿,#å…”å­,#å°ç£äºº,#169,#foryoupage,#ä¸€å­¸å°±æœƒç³»åˆ—,#æµé‡å›ä¾†,#å¤©ç§¤åº§,#è›¤,#è¶Šå—é¼“,#è«‹å¿½ç•¥æ–èƒ¸é‚£æ®µå› ç‚ºæˆ‘çœŸçš„ä¸æœƒ,#å¥³é«˜ä¸­ç”Ÿ,#åˆ¥é™æˆ‘æµé‡,#é»‘é•·ç›´#,ç”·æ‰®å¥³è£,#ä¸è¦é€¼æˆ‘ç™¼å‚³èªª,#æˆ‘ä¸å–œæ­¡é ‚èƒ¯,#çŸ­è¤²,#é ­,#è„–å­,#è…¿,#æ‰‹,#è…°,#è…³,#é¡å­,#",2024/11/27,,original sound - Trippywarp
https://www.tiktok.com/@ld.1003_/video/7440178244076244279?is_from_webapp=1&sender_device=pc&web_id=7535490260223526407,æœ¬ä¾†åªæƒ³æ”¾é™å‹• çªç„¶æƒ³ç™¼ å¾ˆæ™šäº†ä¹Ÿæ²’äººçœ‹,"#fyp,#06",2024/11/23,,åŸè² - ğ˜
https://www.tiktok.com/@ld.1003_/video/7437174375540985143?is_from_webapp=1&sender_device=pc&web_id=7535490260223526407,å°æ™‚å€™æƒ³è·³çš„æ­Œ,"#fyp,#06",2024/11/15,,ì§§ì€ ì¹˜ë§ˆ (Miniskirt) - AOA
https://www.tiktok.com/@ld.1003_/video/7431998695752666373?is_from_webapp=1&sender_device=pc&web_id=7535490260223526407,æˆ‘è¦è·³å…©ç™¾æ¬¡é€™é¦–,"#fyp,#aespa,#whiplash",2024/11/1,,Whiplash - aespa
https://www.tiktok.com/@ld.1003_/video/7430163712784223493?is_from_webapp=1&sender_device=pc&web_id=7535490260223526407,ä¸å¥½æ„æ€ä½†å¯ä»¥ç­‰æˆ‘æ‹å®Œå†æ‘¸å—,"#fyp,#06",2024/10/27,,original sound - ğŸ’«JOSCEL_QUEğŸ’« - JOSCEL_QUEğŸ’§
https://www.tiktok.com/@ld.1003_/video/7423411011975220485?is_from_webapp=1&sender_device=pc&web_id=7535490260223526407,ç”Ÿæ—¥æ‹çš„ä½†é‚£å¤©é•·çš„æœ‰é»æ€ª å¥³å¤§18è®Šæ˜¯ä¸æ˜¯æ²’èªªæœƒè®Šé†œé‚„æ˜¯è®Šæ­£,"#fyp,#06",2024/10/8,,original sound - spexdx
https://www.tiktok.com/@ld.1003_/video/7407708473498094854?is_from_webapp=1&sender_device=pc&web_id=7535490260223526407,å˜¿å˜¿è·³è€å©†çš„æ­Œ,"#fyp,#up,#karina",2024/8/27,TRUE,åŸè² - é¹¿ - é¹¿ğŸ¦Œ
https://www.tiktok.com/@ld.1003_/video/7404933642692070661?is_from_webapp=1&sender_device=pc&web_id=7535490260223526407,å¤ª é›£ äº† ä½†æˆ‘ç­”æ‡‰äº† ä¸çŸ¥é“æ˜¯ä¸æ˜¯é€™æ®µ æˆ‘å°±æ²’æœ‰è£¸é«”è·³èˆæ€éº¼æœƒè¢«é–:| ,"#fyp,#06",2024/8/20,,Alibi - Sevdaliza & Pabllo Vittar & Yseult
https://www.tiktok.com/@ld.1003_/video/7402240894159670533?is_from_webapp=1&sender_device=pc&web_id=7535490260223526407,çµ•å°ä¸èƒ½è¢«æˆ‘æœ‹å‹çœ‹åˆ°,"#fyp,#06",2024/8/12,,nháº¡c ná»n - ğ—¡ğ—§ğ—£ ğ—©ğ—œğ—¡ğ—”ğ—›ğ—¢ğ—¨ğ—¦ğ—˜
https://www.tiktok.com/@ld.1003_/video/7401353392485862661?is_from_webapp=1&sender_device=pc&web_id=7535490260223526407,èª°çŸ¥é“æˆ‘å¾Œé¢è·Œå€’äº†å¹¾æ¬¡:I,"#fyp,#06",2024/8/10,,åŸè² - é¹¿ - é¹¿ğŸ¦Œ
https://www.tiktok.com/@ld.1003_/video/7400073759157210374?is_from_webapp=1&sender_device=pc&web_id=7535490260223526407,æˆ‘é€™ç¦®æ‹œæ—¥è¦å»è¦‹æˆ‘é€™è¼©å­é‚„æ²’è¦‹éçš„è€å©†å¡å¯¶ğŸ¥°,"#fyp,#supernova",2024/8/7,,Supernova - aespa